date,token_symbol,close,cex_volume_usd,exchange_count,included_exchanges
2026-01-01,UNI,10.05583378,16517518.4361,3,binance;bybit;okx
2026-01-02,UNI,9.80564075,22683016.5772,3,binance;bybit;okx
2026-01-03,UNI,9.76190811,21440433.7445,3,binance;bybit;okx
2026-01-04,UNI,9.67771101,21647385.192,3,binance;bybit;okx
2026-01-05,UNI,10.03381455,22181255.0647,3,binance;bybit;okx
2026-01-06,UNI,10.11969267,20867599.3843,3,binance;bybit;okx
2026-01-07,UNI,10.51657063,18472745.7357,3,binance;bybit;okx
2026-01-08,UNI,10.60342814,23088075.8575,3,binance;bybit;okx
2026-01-09,UNI,10.3608063,30429413.4701,3,binance;bybit;okx
2026-01-10,UNI,10.14838206,23786381.3274,3,binance;bybit;okx
2026-01-11,UNI,10.34511112,25334368.9341,3,binance;bybit;okx
2026-01-12,UNI,10.48285052,26909857.1661,3,binance;bybit;okx
2026-01-13,UNI,10.57682412,32176654.772,3,binance;bybit;okx
2026-01-14,UNI,10.43916974,28267788.2131,3,binance;bybit;okx
2026-01-15,UNI,10.72166681,18147597.7452,3,binance;bybit;okx
2026-01-16,UNI,10.74218691,22856113.706,3,binance;bybit;okx
2026-01-17,UNI,10.79549216,36311543.926,3,binance;bybit;okx
2026-01-18,UNI,10.62183702,28283373.0285,3,binance;bybit;okx
2026-01-19,UNI,10.73068835,30436575.3203,3,binance;bybit;okx
2026-01-20,UNI,10.94347518,21865393.9384,3,binance;bybit;okx
2026-01-21,UNI,11.33255514,20812476.0292,3,binance;bybit;okx
2026-01-22,UNI,11.58389928,25585462.2923,3,binance;bybit;okx
2026-01-23,UNI,12.03531004,25958997.6999,3,binance;bybit;okx
2026-01-24,UNI,12.63835856,17248076.5057,3,binance;bybit;okx
2026-01-25,UNI,12.59003082,27341727.7574,3,binance;bybit;okx
2026-01-26,UNI,13.19531776,16754974.8591,3,binance;bybit;okx
2026-01-27,UNI,13.46912296,18576322.9401,3,binance;bybit;okx
2026-01-28,UNI,13.39515636,26786217.2606,3,binance;bybit;okx
2026-01-29,UNI,13.29325056,21479244.1501,3,binance;bybit;okx
2026-01-30,UNI,13.56527175,14562010.3376,3,binance;bybit;okx
2026-01-31,UNI,13.43849118,17452775.6037,3,binance;bybit;okx
2026-02-01,UNI,13.90915494,13000685.8242,3,binance;bybit;okx
2026-02-02,UNI,14.36391658,20487051.2481,3,binance;bybit;okx
2026-02-03,UNI,14.22629726,14273358.4801,3,binance;bybit;okx
2026-02-04,UNI,14.13650859,13070828.3921,3,binance;bybit;okx
2026-02-05,UNI,14.33020784,38624061.888,3,binance;bybit;okx
2026-02-06,UNI,14.25024998,17714622.0454,3,binance;bybit;okx
2026-02-07,UNI,14.36483686,17528707.6191,3,binance;bybit;okx
2026-02-08,UNI,14.33571537,10357308.7074,3,binance;bybit;okx
2026-02-09,UNI,14.19413127,12545735.4477,3,binance;bybit;okx
2026-02-10,UNI,14.43272709,16247298.3099,3,binance;bybit;okx
2026-02-11,UNI,14.92420741,14247871.4374,3,binance;bybit;okx
2026-02-12,UNI,15.56012006,14400628.7585,3,binance;bybit;okx
2026-02-13,UNI,15.88328015,12156419.5951,3,binance;bybit;okx
2026-02-14,UNI,16.41110192,14070896.7686,3,binance;bybit;okx
2026-02-15,UNI,16.37975724,13853799.2424,3,binance;bybit;okx
2026-02-16,UNI,16.29625882,21926209.3978,3,binance;bybit;okx
2026-02-17,UNI,16.1815921,26738361.4328,3,binance;bybit;okx
2026-02-18,UNI,15.92178486,15143172.5423,3,binance;bybit;okx
2026-02-19,UNI,15.74221416,21777648.501,3,binance;bybit;okx
2026-02-20,UNI,15.68224377,20693375.0017,3,binance;bybit;okx
2026-02-21,UNI,16.09998352,24828501.0873,3,binance;bybit;okx
2026-02-22,UNI,16.88592955,23720387.7605,3,binance;bybit;okx
2026-02-23,UNI,17.00497811,20984199.3587,3,binance;bybit;okx
2026-02-24,UNI,16.99011023,23284378.5595,3,binance;bybit;okx
2026-02-25,UNI,17.0530351,17713715.2996,3,binance;bybit;okx
2026-02-26,UNI,16.94989845,24894866.2694,3,binance;bybit;okx
2026-02-27,UNI,17.87520602,27334947.796,3,binance;bybit;okx
2026-02-28,UNI,17.61634451,21498084.776,3,binance;bybit;okx
2026-03-01,UNI,18.3141809,20704267.5372,3,binance;bybit;okx
2026-03-02,UNI,18.83214817,24083552.1417,3,binance;bybit;okx
2026-03-03,UNI,19.08845721,19128565.444,3,binance;bybit;okx
2026-03-04,UNI,19.4511033,20963067.0051,3,binance;bybit;okx
2026-03-05,UNI,19.30961584,29032494.8914,3,binance;bybit;okx
2026-03-06,UNI,19.28710693,24178047.7028,3,binance;bybit;okx
2026-03-07,UNI,19.10551582,30452291.8966,3,binance;bybit;okx
2026-03-08,UNI,19.3384805,25221913.2848,3,binance;bybit;okx
2026-03-09,UNI,19.65645033,25713193.9229,3,binance;bybit;okx
2026-03-10,UNI,19.87355924,23277810.8951,3,binance;bybit;okx
2026-03-11,UNI,20.6179428,23197110.2364,3,binance;bybit;okx
2026-03-12,UNI,20.66494043,20903334.1092,3,binance;bybit;okx
2026-03-13,UNI,20.58135898,24686144.4923,3,binance;bybit;okx
2026-03-14,UNI,21.29806944,18241638.3854,3,binance;bybit;okx
2026-03-15,UNI,21.04745639,29108727.5616,3,binance;bybit;okx
2026-03-16,UNI,20.78136936,21271349.1579,3,binance;bybit;okx
2026-03-17,UNI,21.36112892,56292431.6791,3,binance;bybit;okx
2026-03-18,UNI,21.40039614,24573529.4727,3,binance;bybit;okx
2026-03-19,UNI,21.82505145,21474652.7373,3,binance;bybit;okx
2026-03-20,UNI,21.50902371,17225634.9917,3,binance;bybit;okx
2026-03-21,UNI,21.32753169,16172286.9067,3,binance;bybit;okx
2026-03-22,UNI,21.44174891,12654972.1748,3,binance;bybit;okx
2026-03-23,UNI,21.20583056,17836846.0187,3,binance;bybit;okx
2026-03-24,UNI,20.60392725,22378385.221,3,binance;bybit;okx
2026-03-25,UNI,20.00378181,11769911.2686,3,binance;bybit;okx
2026-03-26,UNI,19.53477551,15186775.4393,3,binance;bybit;okx
2026-03-27,UNI,19.49717468,16876266.3902,3,binance;bybit;okx
2026-03-28,UNI,19.11706842,11873472.9152,3,binance;bybit;okx
2026-03-29,UNI,19.30407672,20544766.7185,3,binance;bybit;okx
2026-03-30,UNI,19.11751202,13711533.8449,3,binance;bybit;okx
2026-03-31,UNI,18.96117938,11996335.2367,3,binance;bybit;okx
2026-04-01,UNI,18.8158492,17165518.6448,3,binance;bybit;okx
2026-04-02,UNI,18.5827976,9667202.4373,3,binance;bybit;okx
2026-04-03,UNI,18.73568832,14028690.6827,3,binance;bybit;okx
2026-04-04,UNI,19.0875455,16178900.0986,3,binance;bybit;okx
2026-04-05,UNI,18.40824735,13212823.6289,3,binance;bybit;okx
2026-04-06,UNI,18.54913358,11754943.9116,3,binance;bybit;okx
2026-04-07,UNI,18.02927833,17881792.0538,3,binance;bybit;okx
2026-04-08,UNI,17.98966767,19710907.2481,3,binance;bybit;okx
2026-04-09,UNI,18.37246187,22991788.5958,3,binance;bybit;okx
2026-04-10,UNI,18.09877188,14393718.1538,3,binance;bybit;okx
2026-04-11,UNI,17.9703734,23193211.9842,3,binance;bybit;okx
2026-04-12,UNI,17.78900449,26630139.3064,3,binance;bybit;okx
2026-04-13,UNI,17.63732123,24911193.7463,3,binance;bybit;okx
2026-04-14,UNI,17.63388228,20029192.3523,3,binance;bybit;okx
2026-04-15,UNI,17.45832861,23916945.7587,3,binance;bybit;okx
2026-04-16,UNI,17.14368587,23341954.2693,3,binance;bybit;okx
2026-04-17,UNI,16.79469901,18346120.1658,3,binance;bybit;okx
2026-04-18,UNI,16.63727751,25728377.1448,3,binance;bybit;okx
2026-04-19,UNI,16.57510713,23991305.8816,3,binance;bybit;okx
2026-04-20,UNI,16.29907451,24884847.1663,3,binance;bybit;okx
2026-04-21,UNI,16.49380733,29948700.5679,3,binance;bybit;okx
2026-04-22,UNI,16.06999063,30910962.9439,3,binance;bybit;okx
2026-04-23,UNI,15.62584904,23690131.4529,3,binance;bybit;okx
2026-04-24,UNI,15.72847538,17814756.3159,3,binance;bybit;okx
2026-04-25,UNI,15.38306441,20284803.5359,3,binance;bybit;okx
2026-04-26,UNI,15.18831144,26999854.4577,3,binance;bybit;okx
2026-04-27,UNI,14.8228913,31078915.9076,3,binance;bybit;okx
2026-04-28,UNI,14.91234739,21375077.2328,3,binance;bybit;okx
2026-04-29,UNI,14.72964375,24475435.0634,3,binance;bybit;okx
2026-04-30,UNI,14.66876233,26756883.29,3,binance;bybit;okx
2026-01-01,AAVE,18.0505414,42061624.367,3,binance;bybit;okx
2026-01-02,AAVE,17.96988316,34299980.0646,3,binance;bybit;okx
2026-01-03,AAVE,17.96542278,44789138.1885,3,binance;bybit;okx
2026-01-04,AAVE,17.5053505,40377451.81,3,binance;bybit;okx
2026-01-05,AAVE,17.91688755,36001787.542,3,binance;bybit;okx
2026-01-06,AAVE,18.168528,41882589.3036,3,binance;bybit;okx
2026-01-07,AAVE,18.39551134,27009038.3871,3,binance;bybit;okx
2026-01-08,AAVE,18.42579029,36533672.876,3,binance;bybit;okx
2026-01-09,AAVE,19.10508756,33520995.5809,3,binance;bybit;okx
2026-01-10,AAVE,19.631641,39073742.0811,3,binance;bybit;okx
2026-01-11,AAVE,19.74108646,32686804.6571,3,binance;bybit;okx
2026-01-12,AAVE,20.63426552,49254350.4798,3,binance;bybit;okx
2026-01-13,AAVE,20.83865788,39408663.546,3,binance;bybit;okx
2026-01-14,AAVE,20.7131204,32136080.0961,3,binance;bybit;okx
2026-01-15,AAVE,21.60477399,37785136.2768,3,binance;bybit;okx
2026-01-16,AAVE,22.08365208,25606207.6667,3,binance;bybit;okx
2026-01-17,AAVE,22.07090574,24357781.3665,3,binance;bybit;okx
2026-01-18,AAVE,22.34807178,49188760.2175,3,binance;bybit;okx
2026-01-19,AAVE,23.37158515,24110635.3112,3,binance;bybit;okx
2026-01-20,AAVE,22.92633736,28336055.6036,3,binance;bybit;okx
2026-01-21,AAVE,24.0216911,27469775.2774,3,binance;bybit;okx
2026-01-22,AAVE,24.90823063,20752092.4084,3,binance;bybit;okx
2026-01-23,AAVE,25.53928223,22843226.3009,3,binance;bybit;okx
2026-01-24,AAVE,25.55542973,25408304.4754,3,binance;bybit;okx
2026-01-25,AAVE,25.40730912,21365537.4419,3,binance;bybit;okx
2026-01-26,AAVE,25.85415355,22218704.066,3,binance;bybit;okx
2026-01-27,AAVE,25.88143967,20966820.6214,3,binance;bybit;okx
2026-01-28,AAVE,26.3415994,18413328.8283,3,binance;bybit;okx
2026-01-29,AAVE,26.01912671,11891950.758,3,binance;bybit;okx
2026-01-30,AAVE,26.46046049,19941222.9427,3,binance;bybit;okx
2026-01-31,AAVE,27.35662251,18449907.7802,3,binance;bybit;okx
2026-02-01,AAVE,27.25043432,16734849.1118,3,binance;bybit;okx
2026-02-02,AAVE,27.6875049,20719558.0786,3,binance;bybit;okx
2026-02-03,AAVE,27.80987798,18981839.4545,3,binance;bybit;okx
2026-02-04,AAVE,28.07515755,20683603.2223,3,binance;bybit;okx
2026-02-05,AAVE,28.38159023,25107717.5534,3,binance;bybit;okx
2026-02-06,AAVE,28.61037801,68284056.5738,3,binance;bybit;okx
2026-02-07,AAVE,29.75221607,23790510.8448,3,binance;bybit;okx
2026-02-08,AAVE,29.95577531,23328372.1263,3,binance;bybit;okx
2026-02-09,AAVE,30.06076294,29392318.3574,3,binance;bybit;okx
2026-02-10,AAVE,31.84999759,32765291.5689,3,binance;bybit;okx
2026-02-11,AAVE,31.66946731,28973157.0482,3,binance;bybit;okx
2026-02-12,AAVE,32.05807152,26891043.3156,3,binance;bybit;okx
2026-02-13,AAVE,31.47634503,37353428.5625,3,binance;bybit;okx
2026-02-14,AAVE,31.97258759,29364025.1708,3,binance;bybit;okx
2026-02-15,AAVE,32.23263889,33747782.6763,3,binance;bybit;okx
2026-02-16,AAVE,32.05374987,32026772.3366,3,binance;bybit;okx
2026-02-17,AAVE,31.54604356,31022075.4599,3,binance;bybit;okx
2026-02-18,AAVE,32.67038378,28222806.5914,3,binance;bybit;okx
2026-02-19,AAVE,33.13511657,35683804.0411,3,binance;bybit;okx
2026-02-20,AAVE,33.79025074,38815465.1611,3,binance;bybit;okx
2026-02-21,AAVE,34.58750825,39396686.5605,3,binance;bybit;okx
2026-02-22,AAVE,34.63335449,27718754.1447,3,binance;bybit;okx
2026-02-23,AAVE,34.10051837,36576327.8858,3,binance;bybit;okx
2026-02-24,AAVE,34.13498686,44153019.3929,3,binance;bybit;okx
2026-02-25,AAVE,34.43584232,53875279.8252,3,binance;bybit;okx
2026-02-26,AAVE,33.17206538,37370186.8977,3,binance;bybit;okx
2026-02-27,AAVE,32.94934132,42831621.3449,3,binance;bybit;okx
2026-02-28,AAVE,33.63238774,32593905.0544,3,binance;bybit;okx
2026-03-01,AAVE,33.24752269,34828902.825,3,binance;bybit;okx
2026-03-02,AAVE,33.71189847,37453253.88,3,binance;bybit;okx
2026-03-03,AAVE,33.90701625,43301612.6001,3,binance;bybit;okx
2026-03-04,AAVE,34.88716463,27606577.6738,3,binance;bybit;okx
2026-03-05,AAVE,35.87781897,33359224.5823,3,binance;bybit;okx
2026-03-06,AAVE,36.47591407,28381196.605,3,binance;bybit;okx
2026-03-07,AAVE,36.8358125,38032409.7799,3,binance;bybit;okx
2026-03-08,AAVE,36.32427783,25097442.0346,3,binance;bybit;okx
2026-03-09,AAVE,37.08852032,34962350.5418,3,binance;bybit;okx
2026-03-10,AAVE,36.47245488,18896851.7253,3,binance;bybit;okx
2026-03-11,AAVE,37.91795901,28091302.8384,3,binance;bybit;okx
2026-03-12,AAVE,37.25741638,21600244.4773,3,binance;bybit;okx
2026-03-13,AAVE,38.12483826,29051075.6485,3,binance;bybit;okx
2026-03-14,AAVE,38.95819001,13897490.9613,3,binance;bybit;okx
2026-03-15,AAVE,39.8930862,18869496.9074,3,binance;bybit;okx
2026-03-16,AAVE,40.39004438,68051000.6203,3,binance;bybit;okx
2026-03-17,AAVE,40.24439219,24526484.2167,3,binance;bybit;okx
2026-03-18,AAVE,41.1828482,17385820.357,3,binance;bybit;okx
2026-03-19,AAVE,41.61046729,20289865.3049,3,binance;bybit;okx
2026-03-20,AAVE,42.11922529,16327846.4788,3,binance;bybit;okx
2026-03-21,AAVE,42.12255355,17673054.0272,3,binance;bybit;okx
2026-03-22,AAVE,42.33666635,24126584.981,3,binance;bybit;okx
2026-03-23,AAVE,41.4468915,11967665.0901,3,binance;bybit;okx
2026-03-24,AAVE,40.21405645,18420431.8972,3,binance;bybit;okx
2026-03-25,AAVE,39.65357046,20932103.6167,3,binance;bybit;okx
2026-03-26,AAVE,39.2155426,14183735.9474,3,binance;bybit;okx
2026-03-27,AAVE,38.9850313,23226658.485,3,binance;bybit;okx
2026-03-28,AAVE,38.94126385,19989423.531,3,binance;bybit;okx
2026-03-29,AAVE,37.5857723,20224977.6278,3,binance;bybit;okx
2026-03-30,AAVE,37.65161248,17387507.0125,3,binance;bybit;okx
2026-03-31,AAVE,36.87361074,18420910.9114,3,binance;bybit;okx
2026-04-01,AAVE,37.04095583,26176202.1424,3,binance;bybit;okx
2026-04-02,AAVE,36.57303064,25909838.5472,3,binance;bybit;okx
2026-04-03,AAVE,35.91801072,27906321.9195,3,binance;bybit;okx
2026-04-04,AAVE,34.42883673,22588248.1998,3,binance;bybit;okx
2026-04-05,AAVE,32.94056829,36444004.3493,3,binance;bybit;okx
2026-04-06,AAVE,32.85550538,27463430.6577,3,binance;bybit;okx
2026-04-07,AAVE,31.93919069,32268541.9913,3,binance;bybit;okx
2026-04-08,AAVE,31.5671412,56930556.5388,3,binance;bybit;okx
2026-04-09,AAVE,31.07728917,39426929.1868,3,binance;bybit;okx
2026-04-10,AAVE,30.84394331,36498922.6383,3,binance;bybit;okx
2026-04-11,AAVE,30.26091017,40853511.0816,3,binance;bybit;okx
2026-04-12,AAVE,30.08210432,39204969.9796,3,binance;bybit;okx
2026-04-13,AAVE,29.33491212,33381162.5073,3,binance;bybit;okx
2026-04-14,AAVE,28.86683713,32630414.6375,3,binance;bybit;okx
2026-04-15,AAVE,29.3149343,31864476.3755,3,binance;bybit;okx
2026-04-16,AAVE,28.94181675,26169600.1163,3,binance;bybit;okx
2026-04-17,AAVE,28.7462786,46412539.5187,3,binance;bybit;okx
2026-04-18,AAVE,28.97101455,32310393.5891,3,binance;bybit;okx
2026-04-19,AAVE,28.5492512,39875378.5407,3,binance;bybit;okx
2026-04-20,AAVE,26.95294764,28417112.0709,3,binance;bybit;okx
2026-04-21,AAVE,26.85025531,31017050.1899,3,binance;bybit;okx
2026-04-22,AAVE,26.57869864,26937887.8144,3,binance;bybit;okx
2026-04-23,AAVE,26.59568902,33807432.223,3,binance;bybit;okx
2026-04-24,AAVE,26.15491628,49048049.7645,3,binance;bybit;okx
2026-04-25,AAVE,26.09026274,30855487.4179,3,binance;bybit;okx
2026-04-26,AAVE,26.56867077,22874251.3549,3,binance;bybit;okx
2026-04-27,AAVE,26.42253551,46057910.0395,3,binance;bybit;okx
2026-04-28,AAVE,26.08286732,35313545.1449,3,binance;bybit;okx
2026-04-29,AAVE,25.99843338,26331414.6193,3,binance;bybit;okx
2026-04-30,AAVE,25.3851556,25552623.3916,3,binance;bybit;okx
2026-01-01,LINK,25.54078304,42980302.7453,3,binance;bybit;okx
2026-01-02,LINK,25.51654285,53080882.6333,3,binance;bybit;okx
2026-01-03,LINK,25.69287399,43307347.6888,3,binance;bybit;okx
2026-01-04,LINK,26.5642673,36805038.2639,3,binance;bybit;okx
2026-01-05,LINK,25.66012521,42423138.626,3,binance;bybit;okx
2026-01-06,LINK,25.23915968,51070638.1274,3,binance;bybit;okx
2026-01-07,LINK,25.13866428,23273138.0856,3,binance;bybit;okx
2026-01-08,LINK,25.08786472,37645271.7442,3,binance;bybit;okx
2026-01-09,LINK,25.47899331,58161667.6664,3,binance;bybit;okx
2026-01-10,LINK,25.73029379,51491915.1811,3,binance;bybit;okx
2026-01-11,LINK,26.24376383,33869536.8327,3,binance;bybit;okx
2026-01-12,LINK,26.11489516,28976816.587,3,binance;bybit;okx
2026-01-13,LINK,26.71565276,30299054.824,3,binance;bybit;okx
2026-01-14,LINK,27.29918512,31346736.7925,3,binance;bybit;okx
2026-01-15,LINK,27.54548651,37429096.0487,3,binance;bybit;okx
2026-01-16,LINK,26.96413015,29334158.7028,3,binance;bybit;okx
2026-01-17,LINK,27.28646798,35162494.4536,3,binance;bybit;okx
2026-01-18,LINK,26.85818153,23101888.2793,3,binance;bybit;okx
2026-01-19,LINK,26.81133753,19147174.0812,3,binance;bybit;okx
2026-01-20,LINK,27.30006059,25950723.6669,3,binance;bybit;okx
2026-01-21,LINK,28.54881369,21985176.0742,3,binance;bybit;okx
2026-01-22,LINK,29.59697161,22570736.4095,3,binance;bybit;okx
2026-01-23,LINK,30.13528726,23154520.4282,3,binance;bybit;okx
2026-01-24,LINK,29.21957502,22606108.1855,3,binance;bybit;okx
2026-01-25,LINK,29.29907224,22066813.0088,3,binance;bybit;okx
2026-01-26,LINK,29.74327544,20052902.6593,3,binance;bybit;okx
2026-01-27,LINK,30.15522847,29860856.1832,3,binance;bybit;okx
2026-01-28,LINK,30.70629251,26245146.5841,3,binance;bybit;okx
2026-01-29,LINK,30.81855913,24550508.3697,3,binance;bybit;okx
2026-01-30,LINK,30.84405065,29731412.384,3,binance;bybit;okx
2026-01-31,LINK,31.92581336,21481863.8221,3,binance;bybit;okx
2026-02-01,LINK,32.61817617,32443628.0404,3,binance;bybit;okx
2026-02-02,LINK,33.87994161,24964541.9469,3,binance;bybit;okx
2026-02-03,LINK,34.68754862,33714136.3458,3,binance;bybit;okx
2026-02-04,LINK,35.89528782,28142977.4551,3,binance;bybit;okx
2026-02-05,LINK,35.75624616,44056945.0518,3,binance;bybit;okx
2026-02-06,LINK,35.00645575,37010127.1668,3,binance;bybit;okx
2026-02-07,LINK,34.61395064,147501115.0194,3,binance;bybit;okx
2026-02-08,LINK,35.75084084,58993458.5229,3,binance;bybit;okx
2026-02-09,LINK,35.65971196,44255675.8925,3,binance;bybit;okx
2026-02-10,LINK,36.54608345,53380167.9351,3,binance;bybit;okx
2026-02-11,LINK,37.62454966,64954967.333,3,binance;bybit;okx
2026-02-12,LINK,39.44706063,50142155.2643,3,binance;bybit;okx
2026-02-13,LINK,40.35549612,37248348.8827,3,binance;bybit;okx
2026-02-14,LINK,41.60222264,60070191.4997,3,binance;bybit;okx
2026-02-15,LINK,41.8018427,40332770.2306,3,binance;bybit;okx
2026-02-16,LINK,42.11764025,38656778.4252,3,binance;bybit;okx
2026-02-17,LINK,43.5657892,46921945.1257,3,binance;bybit;okx
2026-02-18,LINK,43.86732013,51090351.3486,3,binance;bybit;okx
2026-02-19,LINK,44.29651405,68954113.2573,3,binance;bybit;okx
2026-02-20,LINK,43.69758348,46999067.2195,3,binance;bybit;okx
2026-02-21,LINK,44.81599406,50600546.2917,3,binance;bybit;okx
2026-02-22,LINK,46.26657976,46547115.973,3,binance;bybit;okx
2026-02-23,LINK,47.24799786,44827152.328,3,binance;bybit;okx
2026-02-24,LINK,46.38089224,55735965.6135,3,binance;bybit;okx
2026-02-25,LINK,45.99970914,41820153.4874,3,binance;bybit;okx
2026-02-26,LINK,47.07322164,43776833.8922,3,binance;bybit;okx
2026-02-27,LINK,47.31007875,41109312.9825,3,binance;bybit;okx
2026-02-28,LINK,47.6218955,33723170.2416,3,binance;bybit;okx
2026-03-01,LINK,47.78879628,24850269.5133,3,binance;bybit;okx
2026-03-02,LINK,47.6568544,34982683.5467,3,binance;bybit;okx
2026-03-03,LINK,48.88345115,30068048.5657,3,binance;bybit;okx
2026-03-04,LINK,50.33030134,31408452.8943,3,binance;bybit;okx
2026-03-05,LINK,50.49159809,38246400.5224,3,binance;bybit;okx
2026-03-06,LINK,49.80918826,33551568.0127,3,binance;bybit;okx
2026-03-07,LINK,49.67706593,31947828.9514,3,binance;bybit;okx
2026-03-08,LINK,49.2347166,27477119.499,3,binance;bybit;okx
2026-03-09,LINK,49.03324175,25394023.3726,3,binance;bybit;okx
2026-03-10,LINK,49.50631987,30427806.9419,3,binance;bybit;okx
2026-03-11,LINK,49.193731,27247069.0426,3,binance;bybit;okx
2026-03-12,LINK,49.05795041,28886565.315,3,binance;bybit;okx
2026-03-13,LINK,48.61668283,28967244.6121,3,binance;bybit;okx
2026-03-14,LINK,47.23597457,25960236.2742,3,binance;bybit;okx
2026-03-15,LINK,47.44558605,57107739.2917,3,binance;bybit;okx
2026-03-16,LINK,47.35246253,34898594.138,3,binance;bybit;okx
2026-03-17,LINK,47.85251739,25110284.5662,3,binance;bybit;okx
2026-03-18,LINK,48.60233799,27082933.0663,3,binance;bybit;okx
2026-03-19,LINK,48.49456606,26377750.6691,3,binance;bybit;okx
2026-03-20,LINK,48.64195725,28541200.6939,3,binance;bybit;okx
2026-03-21,LINK,48.45366067,26587329.8917,3,binance;bybit;okx
2026-03-22,LINK,48.22663454,33881049.375,3,binance;bybit;okx
2026-03-23,LINK,47.55014155,34570415.9017,3,binance;bybit;okx
2026-03-24,LINK,47.57911035,44517428.6797,3,binance;bybit;okx
2026-03-25,LINK,47.1617259,41978360.5834,3,binance;bybit;okx
2026-03-26,LINK,47.68801249,28200756.5501,3,binance;bybit;okx
2026-03-27,LINK,46.85065762,36873675.3301,3,binance;bybit;okx
2026-03-28,LINK,46.45591306,35012353.0815,3,binance;bybit;okx
2026-03-29,LINK,46.04145142,36149427.2116,3,binance;bybit;okx
2026-03-30,LINK,46.1491681,37725608.5425,3,binance;bybit;okx
2026-03-31,LINK,46.74037621,40967004.6765,3,binance;bybit;okx
2026-04-01,LINK,46.97320366,44566429.8955,3,binance;bybit;okx
2026-04-02,LINK,46.94791068,57893310.0601,3,binance;bybit;okx
2026-04-03,LINK,45.9050537,51536672.8825,3,binance;bybit;okx
2026-04-04,LINK,45.52226526,41929147.299,3,binance;bybit;okx
2026-04-05,LINK,46.55495696,64401942.3506,3,binance;bybit;okx
2026-04-06,LINK,44.22672767,56231964.9179,3,binance;bybit;okx
2026-04-07,LINK,44.39888277,42540543.6144,3,binance;bybit;okx
2026-04-08,LINK,42.67502658,34863706.3437,3,binance;bybit;okx
2026-04-09,LINK,41.57343012,46905327.4385,3,binance;bybit;okx
2026-04-10,LINK,42.15270843,44153543.2497,3,binance;bybit;okx
2026-04-11,LINK,41.59347611,44314558.2424,3,binance;bybit;okx
2026-04-12,LINK,41.50514605,51303988.4081,3,binance;bybit;okx
2026-04-13,LINK,40.72255117,54429830.3355,3,binance;bybit;okx
2026-04-14,LINK,40.67345998,42142413.6463,3,binance;bybit;okx
2026-04-15,LINK,40.65631984,36664762.8455,3,binance;bybit;okx
2026-04-16,LINK,39.89984614,44491110.4187,3,binance;bybit;okx
2026-04-17,LINK,39.21909169,42281834.791,3,binance;bybit;okx
2026-04-18,LINK,38.96932981,47114588.6177,3,binance;bybit;okx
2026-04-19,LINK,38.90580412,30519450.4362,3,binance;bybit;okx
2026-04-20,LINK,37.89444592,39986921.404,3,binance;bybit;okx
2026-04-21,LINK,37.52202414,36761056.7943,3,binance;bybit;okx
2026-04-22,LINK,36.94080864,38560583.8641,3,binance;bybit;okx
2026-04-23,LINK,36.81734526,27191938.3163,3,binance;bybit;okx
2026-04-24,LINK,36.81489037,36472763.3865,3,binance;bybit;okx
2026-04-25,LINK,37.80172954,42163952.0564,3,binance;bybit;okx
2026-04-26,LINK,38.35319593,33945508.2656,3,binance;bybit;okx
2026-04-27,LINK,37.57857011,25305781.2343,3,binance;bybit;okx
2026-04-28,LINK,36.28199917,21800043.8675,3,binance;bybit;okx
2026-04-29,LINK,35.5202814,24633093.2248,3,binance;bybit;okx
2026-04-30,LINK,33.95592573,23586629.6561,3,binance;bybit;okx
2026-01-01,ARB,33.45589631,52265543.0241,3,binance;bybit;okx
2026-01-02,ARB,33.51630515,40155969.8946,3,binance;bybit;okx
2026-01-03,ARB,33.43137739,35305525.2783,3,binance;bybit;okx
2026-01-04,ARB,34.04237348,39069978.3069,3,binance;bybit;okx
2026-01-05,ARB,35.1714941,33819965.6324,3,binance;bybit;okx
2026-01-06,ARB,34.63872087,34644059.7945,3,binance;bybit;okx
2026-01-07,ARB,35.45422341,40484255.6108,3,binance;bybit;okx
2026-01-08,ARB,36.41009776,29427148.9717,3,binance;bybit;okx
2026-01-09,ARB,36.32261338,25471811.8053,3,binance;bybit;okx
2026-01-10,ARB,36.64235681,24604941.5358,3,binance;bybit;okx
2026-01-11,ARB,36.18372628,34046314.4091,3,binance;bybit;okx
2026-01-12,ARB,36.93441663,29659821.5344,3,binance;bybit;okx
2026-01-13,ARB,38.38499397,29954085.8276,3,binance;bybit;okx
2026-01-14,ARB,38.72897384,34856342.1841,3,binance;bybit;okx
2026-01-15,ARB,38.79714864,26342199.6413,3,binance;bybit;okx
2026-01-16,ARB,39.06629726,27663834.5673,3,binance;bybit;okx
2026-01-17,ARB,39.27311065,27128836.9395,3,binance;bybit;okx
2026-01-18,ARB,40.84984724,32891349.6632,3,binance;bybit;okx
2026-01-19,ARB,41.39224083,21782131.5647,3,binance;bybit;okx
2026-01-20,ARB,42.1032145,31082612.8641,3,binance;bybit;okx
2026-01-21,ARB,42.78947004,29919196.9409,3,binance;bybit;okx
2026-01-22,ARB,43.83350634,41196046.2784,3,binance;bybit;okx
2026-01-23,ARB,44.78829305,40077550.0031,3,binance;bybit;okx
2026-01-24,ARB,46.1517658,48194860.3484,3,binance;bybit;okx
2026-01-25,ARB,46.78005216,34425101.5028,3,binance;bybit;okx
2026-01-26,ARB,47.55351745,39298331.6179,3,binance;bybit;okx
2026-01-27,ARB,48.46200667,51296979.6175,3,binance;bybit;okx
2026-01-28,ARB,49.4393464,54696993.2085,3,binance;bybit;okx
2026-01-29,ARB,48.49222379,43825216.7508,3,binance;bybit;okx
2026-01-30,ARB,49.37536507,51640071.4451,3,binance;bybit;okx
2026-01-31,ARB,49.17208574,64564338.3501,3,binance;bybit;okx
2026-02-01,ARB,50.25444508,44512121.5764,3,binance;bybit;okx
2026-02-02,ARB,51.81459145,58014318.2249,3,binance;bybit;okx
2026-02-03,ARB,52.43781642,61993280.1462,3,binance;bybit;okx
2026-02-04,ARB,54.44149839,66706690.1381,3,binance;bybit;okx
2026-02-05,ARB,54.33378945,59421152.2709,3,binance;bybit;okx
2026-02-06,ARB,55.66031345,73545998.71,3,binance;bybit;okx
2026-02-07,ARB,57.46362612,56999943.2778,3,binance;bybit;okx
2026-02-08,ARB,58.52557974,197742222.7854,3,binance;bybit;okx
2026-02-09,ARB,58.38001938,48032375.0992,3,binance;bybit;okx
2026-02-10,ARB,59.26906008,52944795.4616,3,binance;bybit;okx
2026-02-11,ARB,59.90459506,68705172.1257,3,binance;bybit;okx
2026-02-12,ARB,59.16071744,58989715.3872,3,binance;bybit;okx
2026-02-13,ARB,58.55347326,49972179.9948,3,binance;bybit;okx
2026-02-14,ARB,60.82938822,69371739.3596,3,binance;bybit;okx
2026-02-15,ARB,60.09837224,50556584.4753,3,binance;bybit;okx
2026-02-16,ARB,59.30815021,50147579.2797,3,binance;bybit;okx
2026-02-17,ARB,58.6143184,54993489.9911,3,binance;bybit;okx
2026-02-18,ARB,58.28446712,51492152.9989,3,binance;bybit;okx
2026-02-19,ARB,59.14170707,49600558.8427,3,binance;bybit;okx
2026-02-20,ARB,60.89128036,40319752.8121,3,binance;bybit;okx
2026-02-21,ARB,61.21286267,42834120.99,3,binance;bybit;okx
2026-02-22,ARB,62.71090884,32142233.1699,3,binance;bybit;okx
2026-02-23,ARB,63.01166601,40292740.8391,3,binance;bybit;okx
2026-02-24,ARB,63.99970068,31366863.8881,3,binance;bybit;okx
2026-02-25,ARB,64.13969189,36106090.25,3,binance;bybit;okx
2026-02-26,ARB,64.19361467,27273683.6449,3,binance;bybit;okx
2026-02-27,ARB,65.48634054,35858123.9673,3,binance;bybit;okx
2026-02-28,ARB,67.17342187,36730714.2835,3,binance;bybit;okx
2026-03-01,ARB,67.36229283,33698329.8165,3,binance;bybit;okx
2026-03-02,ARB,68.02969301,29983874.2024,3,binance;bybit;okx
2026-03-03,ARB,69.59951485,30118691.4687,3,binance;bybit;okx
2026-03-04,ARB,70.69267951,26656486.4606,3,binance;bybit;okx
2026-03-05,ARB,72.55718622,31545056.0188,3,binance;bybit;okx
2026-03-06,ARB,73.24394747,24999920.5066,3,binance;bybit;okx
2026-03-07,ARB,71.83106487,27533105.3083,3,binance;bybit;okx
2026-03-08,ARB,71.7522004,33839250.8377,3,binance;bybit;okx
2026-03-09,ARB,74.72394178,31839997.2898,3,binance;bybit;okx
2026-03-10,ARB,75.27743783,32241149.2231,3,binance;bybit;okx
2026-03-11,ARB,76.74087801,23684079.8031,3,binance;bybit;okx
2026-03-12,ARB,75.56672614,32468672.521,3,binance;bybit;okx
2026-03-13,ARB,75.53314663,38015850.197,3,binance;bybit;okx
2026-03-14,ARB,77.61392576,92964361.1861,3,binance;bybit;okx
2026-03-15,ARB,78.71688608,35054772.6237,3,binance;bybit;okx
2026-03-16,ARB,81.01312047,45013817.6501,3,binance;bybit;okx
2026-03-17,ARB,79.9677767,56895276.3227,3,binance;bybit;okx
2026-03-18,ARB,80.44574311,53353218.0811,3,binance;bybit;okx
2026-03-19,ARB,82.73660543,39286724.5965,3,binance;bybit;okx
2026-03-20,ARB,82.08865911,40379821.6581,3,binance;bybit;okx
2026-03-21,ARB,79.90775296,49827865.6072,3,binance;bybit;okx
2026-03-22,ARB,81.55740215,56686318.2359,3,binance;bybit;okx
2026-03-23,ARB,80.69306303,58452870.3052,3,binance;bybit;okx
2026-03-24,ARB,81.95504688,42096319.8425,3,binance;bybit;okx
2026-03-25,ARB,81.23731976,63222079.8408,3,binance;bybit;okx
2026-03-26,ARB,83.00863272,68549574.1131,3,binance;bybit;okx
2026-03-27,ARB,81.50885971,55123291.5751,3,binance;bybit;okx
2026-03-28,ARB,78.61022033,52413320.4545,3,binance;bybit;okx
2026-03-29,ARB,80.07683094,77303813.4639,3,binance;bybit;okx
2026-03-30,ARB,78.39454001,58132637.8142,3,binance;bybit;okx
2026-03-31,ARB,79.38827512,51357278.6308,3,binance;bybit;okx
2026-04-01,ARB,80.70845291,48847953.7749,3,binance;bybit;okx
2026-04-02,ARB,79.23974838,62461664.7441,3,binance;bybit;okx
2026-04-03,ARB,78.61399652,51277228.8161,3,binance;bybit;okx
2026-04-04,ARB,78.10766347,61956141.2182,3,binance;bybit;okx
2026-04-05,ARB,78.32391918,58814653.951,3,binance;bybit;okx
2026-04-06,ARB,78.70275402,44103314.7362,3,binance;bybit;okx
2026-04-07,ARB,77.89892037,65589248.191,3,binance;bybit;okx
2026-04-08,ARB,77.21987134,39396408.7425,3,binance;bybit;okx
2026-04-09,ARB,77.7630958,40780009.7286,3,binance;bybit;okx
2026-04-10,ARB,77.58997418,54605711.1907,3,binance;bybit;okx
2026-04-11,ARB,75.29753493,41883107.376,3,binance;bybit;okx
2026-04-12,ARB,74.35907716,40188240.4733,3,binance;bybit;okx
2026-04-13,ARB,70.90850695,42750693.3882,3,binance;bybit;okx
2026-04-14,ARB,72.12351878,37099754.9797,3,binance;bybit;okx
2026-04-15,ARB,72.76795733,39967399.646,3,binance;bybit;okx
2026-04-16,ARB,69.98994634,39323241.0113,3,binance;bybit;okx
2026-04-17,ARB,68.06511864,49006809.4018,3,binance;bybit;okx
2026-04-18,ARB,64.5934655,35491678.7594,3,binance;bybit;okx
2026-04-19,ARB,62.38862529,31824357.6222,3,binance;bybit;okx
2026-04-20,ARB,61.7811139,23224706.8169,3,binance;bybit;okx
2026-04-21,ARB,59.59200772,25390242.2286,3,binance;bybit;okx
2026-04-22,ARB,58.4575922,36502057.8684,3,binance;bybit;okx
2026-04-23,ARB,59.60769207,28734687.461,3,binance;bybit;okx
2026-04-24,ARB,60.46672896,25378774.7986,3,binance;bybit;okx
2026-04-25,ARB,59.7013428,34205649.2466,3,binance;bybit;okx
2026-04-26,ARB,59.3935372,27251346.1525,3,binance;bybit;okx
2026-04-27,ARB,59.36367236,33717591.9669,3,binance;bybit;okx
2026-04-28,ARB,57.96629495,26563501.536,3,binance;bybit;okx
2026-04-29,ARB,56.73309195,31428266.9045,3,binance;bybit;okx
2026-04-30,ARB,57.39021078,35415409.3591,3,binance;bybit;okx
2026-01-01,OP,40.22454281,42840292.642,3,binance;bybit;okx
2026-01-02,OP,41.22670665,28511379.3004,3,binance;bybit;okx
2026-01-03,OP,41.83109466,32917564.9978,3,binance;bybit;okx
2026-01-04,OP,40.5829255,40615561.1749,3,binance;bybit;okx
2026-01-05,OP,42.09758778,34950585.9791,3,binance;bybit;okx
2026-01-06,OP,43.61869948,33539343.4152,3,binance;bybit;okx
2026-01-07,OP,44.39773707,34588470.0839,3,binance;bybit;okx
2026-01-08,OP,45.26747428,33029815.4265,3,binance;bybit;okx
2026-01-09,OP,44.48021787,33848330.0269,3,binance;bybit;okx
2026-01-10,OP,43.23814591,34987032.6529,3,binance;bybit;okx
2026-01-11,OP,43.24110087,32978150.0063,3,binance;bybit;okx
2026-01-12,OP,43.53392351,36533087.2017,3,binance;bybit;okx
2026-01-13,OP,43.66114404,28828537.125,3,binance;bybit;okx
2026-01-14,OP,44.9280546,42266452.9605,3,binance;bybit;okx
2026-01-15,OP,45.47469823,60018969.95,3,binance;bybit;okx
2026-01-16,OP,45.78644999,39292807.6698,3,binance;bybit;okx
2026-01-17,OP,45.2454161,61335009.9949,3,binance;bybit;okx
2026-01-18,OP,47.17397366,34786195.9397,3,binance;bybit;okx
2026-01-19,OP,47.68176954,52456947.9659,3,binance;bybit;okx
2026-01-20,OP,48.00565442,47764440.0114,3,binance;bybit;okx
2026-01-21,OP,47.54852623,52500762.3654,3,binance;bybit;okx
2026-01-22,OP,48.64700135,70529123.3521,3,binance;bybit;okx
2026-01-23,OP,49.31742808,58569543.3888,3,binance;bybit;okx
2026-01-24,OP,48.59512239,58558693.6328,3,binance;bybit;okx
2026-01-25,OP,49.7621298,68780437.4616,3,binance;bybit;okx
2026-01-26,OP,50.78850444,49505505.0896,3,binance;bybit;okx
2026-01-27,OP,50.79737732,82532525.1625,3,binance;bybit;okx
2026-01-28,OP,51.4208417,78998415.4968,3,binance;bybit;okx
2026-01-29,OP,53.84638941,56747124.9574,3,binance;bybit;okx
2026-01-30,OP,52.16562967,75433127.7082,3,binance;bybit;okx
2026-01-31,OP,51.87800387,86669936.7706,3,binance;bybit;okx
2026-02-01,OP,53.24500174,69374999.3692,3,binance;bybit;okx
2026-02-02,OP,54.76881944,61776774.7785,3,binance;bybit;okx
2026-02-03,OP,55.44883875,68826863.4423,3,binance;bybit;okx
2026-02-04,OP,56.44351253,61366707.5118,3,binance;bybit;okx
2026-02-05,OP,56.56313814,69345443.9513,3,binance;bybit;okx
2026-02-06,OP,56.09953086,67660069.9877,3,binance;bybit;okx
2026-02-07,OP,56.43207286,66846964.8389,3,binance;bybit;okx
2026-02-08,OP,58.2038348,50154963.1081,3,binance;bybit;okx
2026-02-09,OP,58.93437262,206637308.6889,3,binance;bybit;okx
2026-02-10,OP,59.97530635,67331730.6468,3,binance;bybit;okx
2026-02-11,OP,60.41111385,75907737.363,3,binance;bybit;okx
2026-02-12,OP,62.58784251,49785091.0098,3,binance;bybit;okx
2026-02-13,OP,61.83284697,44580235.1829,3,binance;bybit;okx
2026-02-14,OP,61.43164112,65842462.9621,3,binance;bybit;okx
2026-02-15,OP,62.68837258,58228596.6471,3,binance;bybit;okx
2026-02-16,OP,62.4969826,51400679.1777,3,binance;bybit;okx
2026-02-17,OP,64.53499967,43018375.7271,3,binance;bybit;okx
2026-02-18,OP,65.2930059,35630570.3476,3,binance;bybit;okx
2026-02-19,OP,67.18985963,55783759.087,3,binance;bybit;okx
2026-02-20,OP,66.74377092,32864248.4159,3,binance;bybit;okx
2026-02-21,OP,66.26763275,31929955.8783,3,binance;bybit;okx
2026-02-22,OP,64.84140683,46035843.1671,3,binance;bybit;okx
2026-02-23,OP,66.30458158,34212489.0508,3,binance;bybit;okx
2026-02-24,OP,69.03259446,31987807.5076,3,binance;bybit;okx
2026-02-25,OP,71.16237367,27153395.0083,3,binance;bybit;okx
2026-02-26,OP,71.65579994,47711351.1352,3,binance;bybit;okx
2026-02-27,OP,73.15569469,28157597.1448,3,binance;bybit;okx
2026-02-28,OP,71.76717195,42323769.1831,3,binance;bybit;okx
2026-03-01,OP,70.43931405,44650123.7024,3,binance;bybit;okx
2026-03-02,OP,71.0555711,39176380.8926,3,binance;bybit;okx
2026-03-03,OP,71.79815495,29028797.3244,3,binance;bybit;okx
2026-03-04,OP,72.26848018,37011344.5183,3,binance;bybit;okx
2026-03-05,OP,72.60138472,46695258.5173,3,binance;bybit;okx
2026-03-06,OP,73.53197872,45847674.9749,3,binance;bybit;okx
2026-03-07,OP,74.62480133,38128776.6106,3,binance;bybit;okx
2026-03-08,OP,75.74271733,45971832.4764,3,binance;bybit;okx
2026-03-09,OP,75.70707086,39151568.1287,3,binance;bybit;okx
2026-03-10,OP,78.79893839,54577845.3728,3,binance;bybit;okx
2026-03-11,OP,79.97009094,53942719.1751,3,binance;bybit;okx
2026-03-12,OP,78.28594145,55206808.3637,3,binance;bybit;okx
2026-03-13,OP,75.90119053,298113761.8994,3,binance;bybit;okx
2026-03-14,OP,75.50502375,62466545.4973,3,binance;bybit;okx
2026-03-15,OP,76.15482181,73505014.9533,3,binance;bybit;okx
2026-03-16,OP,75.30689865,61014861.5868,3,binance;bybit;okx
2026-03-17,OP,77.93820056,65865517.075,3,binance;bybit;okx
2026-03-18,OP,79.00791488,49753576.7314,3,binance;bybit;okx
2026-03-19,OP,76.05419158,82868709.9171,3,binance;bybit;okx
2026-03-20,OP,75.41153674,62771061.583,3,binance;bybit;okx
2026-03-21,OP,73.27207241,51407190.4243,3,binance;bybit;okx
2026-03-22,OP,71.64075159,60015370.5401,3,binance;bybit;okx
2026-03-23,OP,69.94588779,74263145.0951,3,binance;bybit;okx
2026-03-24,OP,70.76890355,84740387.354,3,binance;bybit;okx
2026-03-25,OP,69.89947238,67815723.2572,3,binance;bybit;okx
2026-03-26,OP,69.64946419,56020186.2499,3,binance;bybit;okx
2026-03-27,OP,68.22636449,67403937.3051,3,binance;bybit;okx
2026-03-28,OP,67.39703417,58428776.3058,3,binance;bybit;okx
2026-03-29,OP,66.41592694,77875529.901,3,binance;bybit;okx
2026-03-30,OP,65.44139203,76071517.7712,3,binance;bybit;okx
2026-03-31,OP,64.41311014,49650263.3169,3,binance;bybit;okx
2026-04-01,OP,66.04115614,73302666.7432,3,binance;bybit;okx
2026-04-02,OP,64.62743465,64658399.221,3,binance;bybit;okx
2026-04-03,OP,64.2054055,51866241.3038,3,binance;bybit;okx
2026-04-04,OP,64.2784934,43614284.694,3,binance;bybit;okx
2026-04-05,OP,61.58284448,61759143.7125,3,binance;bybit;okx
2026-04-06,OP,60.85623566,40783989.8124,3,binance;bybit;okx
2026-04-07,OP,60.78638792,47273171.1665,3,binance;bybit;okx
2026-04-08,OP,59.21099572,45916463.2574,3,binance;bybit;okx
2026-04-09,OP,56.76471019,46267772.7906,3,binance;bybit;okx
2026-04-10,OP,57.23070882,28328108.6941,3,binance;bybit;okx
2026-04-11,OP,58.2663413,35919834.8823,3,binance;bybit;okx
2026-04-12,OP,59.46924259,32094301.4169,3,binance;bybit;okx
2026-04-13,OP,60.02910952,29424680.8253,3,binance;bybit;okx
2026-04-14,OP,59.4722836,28939229.0003,3,binance;bybit;okx
2026-04-15,OP,58.05569214,38116056.7693,3,binance;bybit;okx
2026-04-16,OP,56.72824093,35789154.6682,3,binance;bybit;okx
2026-04-17,OP,56.36905876,42470923.1671,3,binance;bybit;okx
2026-04-18,OP,54.09499833,40877138.2127,3,binance;bybit;okx
2026-04-19,OP,51.59354587,27607395.0456,3,binance;bybit;okx
2026-04-20,OP,50.66569899,38215890.0921,3,binance;bybit;okx
2026-04-21,OP,49.97966458,35015107.1324,3,binance;bybit;okx
2026-04-22,OP,49.74194178,34983859.1116,3,binance;bybit;okx
2026-04-23,OP,51.31341032,26557776.8402,3,binance;bybit;okx
2026-04-24,OP,50.02778074,47880327.7444,3,binance;bybit;okx
2026-04-25,OP,49.3381696,40691184.9464,3,binance;bybit;okx
2026-04-26,OP,48.11092595,38159747.8271,3,binance;bybit;okx
2026-04-27,OP,48.16207262,35591243.1722,3,binance;bybit;okx
2026-04-28,OP,48.95368268,44800513.0006,3,binance;bybit;okx
2026-04-29,OP,48.31654582,44307108.1144,3,binance;bybit;okx
2026-04-30,OP,46.98224203,56308096.3363,3,binance;bybit;okx
