date,token_symbol,chain,dex,pool_address,pool_name,open,high,low,close,dex_volume_usd,pool_tvl_usd
2026-01-01,UNI,eth,mock_uniswap_v3,mock_uni_pool,UNI / USDC mock,9.95527544,10.25695046,9.85471711,10.05583378,375690.6851,6000000.0
2026-01-02,UNI,eth,mock_uniswap_v3,mock_uni_pool,UNI / USDC mock,9.70758434,10.00175356,9.60952793,9.80564075,396773.0325,6000000.0
2026-01-03,UNI,eth,mock_uniswap_v3,mock_uni_pool,UNI / USDC mock,9.66428902,9.95714627,9.56666994,9.76190811,609466.3779,6000000.0
2026-01-04,UNI,eth,mock_uniswap_v3,mock_uni_pool,UNI / USDC mock,9.5809339,9.87126523,9.48415679,9.67771101,303240.197,6000000.0
2026-01-05,UNI,eth,mock_uniswap_v3,mock_uni_pool,UNI / USDC mock,9.93347641,10.23449085,9.83313826,10.03381455,268583.5305,6000000.0
2026-01-06,UNI,eth,mock_uniswap_v3,mock_uni_pool,UNI / USDC mock,10.01849574,10.32208652,9.91729882,10.11969267,334090.1328,6000000.0
2026-01-07,UNI,eth,mock_uniswap_v3,mock_uni_pool,UNI / USDC mock,10.41140493,10.72690205,10.30623922,10.51657063,445271.9426,6000000.0
2026-01-08,UNI,eth,mock_uniswap_v3,mock_uni_pool,UNI / USDC mock,10.49739386,10.81549671,10.39135958,10.60342814,475256.9878,6000000.0
2026-01-09,UNI,eth,mock_uniswap_v3,mock_uni_pool,UNI / USDC mock,10.25719824,10.56802243,10.15359017,10.3608063,419033.5728,6000000.0
2026-01-10,UNI,eth,mock_uniswap_v3,mock_uni_pool,UNI / USDC mock,10.04689824,10.3513497,9.94541442,10.14838206,277343.1307,6000000.0
2026-01-11,UNI,eth,mock_uniswap_v3,mock_uni_pool,UNI / USDC mock,10.24166001,10.55201334,10.1382089,10.34511112,662948.4746,6000000.0
2026-01-12,UNI,eth,mock_uniswap_v3,mock_uni_pool,UNI / USDC mock,10.37802202,10.69250753,10.27319351,10.48285052,381254.6719,6000000.0
2026-01-13,UNI,eth,mock_uniswap_v3,mock_uni_pool,UNI / USDC mock,10.47105588,10.7883606,10.36528764,10.57682412,387598.9482,6000000.0
2026-01-14,UNI,eth,mock_uniswap_v3,mock_uni_pool,UNI / USDC mock,10.33477804,10.64795313,10.23038634,10.43916974,301354.4654,6000000.0
2026-01-15,UNI,eth,mock_uniswap_v3,mock_uni_pool,UNI / USDC mock,10.61445014,10.93610014,10.50723347,10.72166681,317588.6421,6000000.0
2026-01-16,UNI,eth,mock_uniswap_v3,mock_uni_pool,UNI / USDC mock,10.63476504,10.95703065,10.52734317,10.74218691,308293.2179,6000000.0
2026-01-17,UNI,eth,mock_uniswap_v3,mock_uni_pool,UNI / USDC mock,10.68753724,11.01140201,10.57958232,10.79549216,270874.7513,6000000.0
2026-01-18,UNI,eth,mock_uniswap_v3,mock_uni_pool,UNI / USDC mock,10.51561865,10.83427376,10.40940028,10.62183702,388223.161,6000000.0
2026-01-19,UNI,eth,mock_uniswap_v3,mock_uni_pool,UNI / USDC mock,10.62338147,10.94530212,10.51607458,10.73068835,309710.1806,6000000.0
2026-01-20,UNI,eth,mock_uniswap_v3,mock_uni_pool,UNI / USDC mock,10.83404043,11.16234468,10.72460568,10.94347518,517529.831,6000000.0
2026-01-21,UNI,eth,mock_uniswap_v3,mock_uni_pool,UNI / USDC mock,11.21922959,11.55920624,11.10590404,11.33255514,456310.5169,6000000.0
2026-01-22,UNI,eth,mock_uniswap_v3,mock_uni_pool,UNI / USDC mock,11.46806029,11.81557727,11.35222129,11.58389928,354774.0603,6000000.0
2026-01-23,UNI,eth,mock_uniswap_v3,mock_uni_pool,UNI / USDC mock,11.91495693,12.27601624,11.79460383,12.03531004,366919.3061,6000000.0
2026-01-24,UNI,eth,mock_uniswap_v3,mock_uni_pool,UNI / USDC mock,12.51197497,12.89112573,12.38559139,12.63835856,214293.3859,6000000.0
2026-01-25,UNI,eth,mock_uniswap_v3,mock_uni_pool,UNI / USDC mock,12.46413051,12.84183144,12.33823021,12.59003082,242847.6333,6000000.0
2026-01-26,UNI,eth,mock_uniswap_v3,mock_uni_pool,UNI / USDC mock,13.06336458,13.45922412,12.93141141,13.19531776,145064.7717,6000000.0
2026-01-27,UNI,eth,mock_uniswap_v3,mock_uni_pool,UNI / USDC mock,13.33443173,13.73850542,13.1997405,13.46912296,181063.1843,6000000.0
2026-01-28,UNI,eth,mock_uniswap_v3,mock_uni_pool,UNI / USDC mock,13.26120479,13.66305949,13.12725323,13.39515636,143019.676,6000000.0
2026-01-29,UNI,eth,mock_uniswap_v3,mock_uni_pool,UNI / USDC mock,13.16031805,13.55911557,13.02738555,13.29325056,324610.0084,6000000.0
2026-01-30,UNI,eth,mock_uniswap_v3,mock_uni_pool,UNI / USDC mock,13.42961904,13.83657719,13.29396632,13.56527175,176529.6084,6000000.0
2026-01-31,UNI,eth,mock_uniswap_v3,mock_uni_pool,UNI / USDC mock,13.30410627,13.70726101,13.16972136,13.43849118,234810.365,6000000.0
2026-02-01,UNI,eth,mock_uniswap_v3,mock_uni_pool,UNI / USDC mock,13.77006339,14.18733804,13.63097184,13.90915494,161759.4917,6000000.0
2026-02-02,UNI,eth,mock_uniswap_v3,mock_uni_pool,UNI / USDC mock,14.22027742,14.65119492,14.07663825,14.36391658,433031.5745,6000000.0
2026-02-03,UNI,eth,mock_uniswap_v3,mock_uni_pool,UNI / USDC mock,14.08403429,14.51082321,13.94177132,14.22629726,152006.3394,6000000.0
2026-02-04,UNI,eth,mock_uniswap_v3,mock_uni_pool,UNI / USDC mock,13.9951435,14.41923876,13.85377841,14.13650859,207033.4661,6000000.0
2026-02-05,UNI,eth,mock_uniswap_v3,mock_uni_pool,UNI / USDC mock,14.18690576,14.616812,14.04360368,14.33020784,144583.3088,6000000.0
2026-02-06,UNI,eth,mock_uniswap_v3,mock_uni_pool,UNI / USDC mock,14.10774748,14.53525497,13.96524498,14.25024998,165488.3571,6000000.0
2026-02-07,UNI,eth,mock_uniswap_v3,mock_uni_pool,UNI / USDC mock,14.2211885,14.6521336,14.07754013,14.36483686,139888.2606,6000000.0
2026-02-08,UNI,eth,mock_uniswap_v3,mock_uni_pool,UNI / USDC mock,14.19235822,14.62242968,14.04900107,14.33571537,199007.853,6000000.0
2026-02-09,UNI,eth,mock_uniswap_v3,mock_uni_pool,UNI / USDC mock,14.05218996,14.4780139,13.91024865,14.19413127,167451.4414,6000000.0
2026-02-10,UNI,eth,mock_uniswap_v3,mock_uni_pool,UNI / USDC mock,14.28839982,14.72138163,14.14407254,14.43272709,128862.2031,6000000.0
2026-02-11,UNI,eth,mock_uniswap_v3,mock_uni_pool,UNI / USDC mock,14.77496534,15.22269156,14.62572326,14.92420741,271307.7126,6000000.0
2026-02-12,UNI,eth,mock_uniswap_v3,mock_uni_pool,UNI / USDC mock,15.40451886,15.87132246,15.24891766,15.56012006,268428.8481,6000000.0
2026-02-13,UNI,eth,mock_uniswap_v3,mock_uni_pool,UNI / USDC mock,15.72444735,16.20094575,15.56561454,15.88328015,359521.5989,6000000.0
2026-02-14,UNI,eth,mock_uniswap_v3,mock_uni_pool,UNI / USDC mock,16.2469909,16.73932396,16.08287988,16.41110192,211866.315,6000000.0
2026-02-15,UNI,eth,mock_uniswap_v3,mock_uni_pool,UNI / USDC mock,16.21595966,16.70735238,16.05216209,16.37975724,332271.4264,6000000.0
2026-02-16,UNI,eth,mock_uniswap_v3,mock_uni_pool,UNI / USDC mock,16.13329623,16.62218399,15.97033364,16.29625882,206817.432,6000000.0
2026-02-17,UNI,eth,mock_uniswap_v3,mock_uni_pool,UNI / USDC mock,16.01977617,16.50522394,15.85796025,16.1815921,317328.9902,6000000.0
2026-02-18,UNI,eth,mock_uniswap_v3,mock_uni_pool,UNI / USDC mock,15.76256701,16.24022056,15.60334916,15.92178486,564598.3842,6000000.0
2026-02-19,UNI,eth,mock_uniswap_v3,mock_uni_pool,UNI / USDC mock,15.58479202,16.05705844,15.42736987,15.74221416,470388.7796,6000000.0
2026-02-20,UNI,eth,mock_uniswap_v3,mock_uni_pool,UNI / USDC mock,15.52542133,15.99588865,15.3685989,15.68224377,347215.4548,6000000.0
2026-02-21,UNI,eth,mock_uniswap_v3,mock_uni_pool,UNI / USDC mock,15.93898368,16.42198319,15.77798385,16.09998352,534729.3562,6000000.0
2026-02-22,UNI,eth,mock_uniswap_v3,mock_uni_pool,UNI / USDC mock,16.71707026,17.22364815,16.54821096,16.88592955,373320.0304,6000000.0
2026-02-23,UNI,eth,mock_uniswap_v3,mock_uni_pool,UNI / USDC mock,16.83492833,17.34507767,16.66487854,17.00497811,414995.8183,6000000.0
2026-02-24,UNI,eth,mock_uniswap_v3,mock_uni_pool,UNI / USDC mock,16.82020913,17.32991244,16.65030803,16.99011023,781374.8659,6000000.0
2026-02-25,UNI,eth,mock_uniswap_v3,mock_uni_pool,UNI / USDC mock,16.88250475,17.3940958,16.7119744,17.0530351,323146.4763,6000000.0
2026-02-26,UNI,eth,mock_uniswap_v3,mock_uni_pool,UNI / USDC mock,16.78039946,17.28889641,16.61090048,16.94989845,418270.575,6000000.0
2026-02-27,UNI,eth,mock_uniswap_v3,mock_uni_pool,UNI / USDC mock,17.69645396,18.23271014,17.5177019,17.87520602,279483.5435,6000000.0
2026-02-28,UNI,eth,mock_uniswap_v3,mock_uni_pool,UNI / USDC mock,17.44018106,17.9686714,17.26401762,17.61634451,300873.7205,6000000.0
2026-03-01,UNI,eth,mock_uniswap_v3,mock_uni_pool,UNI / USDC mock,18.13103909,18.68046451,17.94789728,18.3141809,403779.1573,6000000.0
2026-03-02,UNI,eth,mock_uniswap_v3,mock_uni_pool,UNI / USDC mock,18.64382668,19.20879113,18.4555052,18.83214817,514810.4643,6000000.0
2026-03-03,UNI,eth,mock_uniswap_v3,mock_uni_pool,UNI / USDC mock,18.89757263,19.47022635,18.70668806,19.08845721,403029.6411,6000000.0
2026-03-04,UNI,eth,mock_uniswap_v3,mock_uni_pool,UNI / USDC mock,19.25659227,19.84012537,19.06208123,19.4511033,633644.4372,6000000.0
2026-03-05,UNI,eth,mock_uniswap_v3,mock_uni_pool,UNI / USDC mock,19.11651968,19.69580816,18.92342353,19.30961584,291471.9368,6000000.0
2026-03-06,UNI,eth,mock_uniswap_v3,mock_uni_pool,UNI / USDC mock,19.09423586,19.67284906,18.90136479,19.28710693,276833.1842,6000000.0
2026-03-07,UNI,eth,mock_uniswap_v3,mock_uni_pool,UNI / USDC mock,18.91446066,19.48762614,18.72340551,19.10551582,329075.2276,6000000.0
2026-03-08,UNI,eth,mock_uniswap_v3,mock_uni_pool,UNI / USDC mock,19.1450957,19.72525011,18.95171089,19.3384805,326534.0321,6000000.0
2026-03-09,UNI,eth,mock_uniswap_v3,mock_uni_pool,UNI / USDC mock,19.45988583,20.04957934,19.26332133,19.65645033,249609.2944,6000000.0
2026-03-10,UNI,eth,mock_uniswap_v3,mock_uni_pool,UNI / USDC mock,19.67482365,20.27103042,19.47608805,19.87355924,389977.0892,6000000.0
2026-03-11,UNI,eth,mock_uniswap_v3,mock_uni_pool,UNI / USDC mock,20.41176337,21.03030165,20.20558394,20.6179428,335074.647,6000000.0
2026-03-12,UNI,eth,mock_uniswap_v3,mock_uni_pool,UNI / USDC mock,20.45829102,21.07823924,20.25164162,20.66494043,247576.9241,6000000.0
2026-03-13,UNI,eth,mock_uniswap_v3,mock_uni_pool,UNI / USDC mock,20.37554539,20.99298616,20.1697318,20.58135898,353928.9842,6000000.0
2026-03-14,UNI,eth,mock_uniswap_v3,mock_uni_pool,UNI / USDC mock,21.08508875,21.72403083,20.87210805,21.29806944,735058.5333,6000000.0
2026-03-15,UNI,eth,mock_uniswap_v3,mock_uni_pool,UNI / USDC mock,20.83698182,21.46840551,20.62650726,21.04745639,244031.3332,6000000.0
2026-03-16,UNI,eth,mock_uniswap_v3,mock_uni_pool,UNI / USDC mock,20.57355567,21.19699675,20.36574197,20.78136936,222791.6836,6000000.0
2026-03-17,UNI,eth,mock_uniswap_v3,mock_uni_pool,UNI / USDC mock,21.14751763,21.7883515,20.93390634,21.36112892,160570.4412,6000000.0
2026-03-18,UNI,eth,mock_uniswap_v3,mock_uni_pool,UNI / USDC mock,21.18639217,21.82840406,20.97238821,21.40039614,134987.5676,6000000.0
2026-03-19,UNI,eth,mock_uniswap_v3,mock_uni_pool,UNI / USDC mock,21.60680094,22.26155248,21.38855043,21.82505145,215544.5162,6000000.0
2026-03-20,UNI,eth,mock_uniswap_v3,mock_uni_pool,UNI / USDC mock,21.29393348,21.93920419,21.07884324,21.50902371,123699.9893,6000000.0
2026-03-21,UNI,eth,mock_uniswap_v3,mock_uni_pool,UNI / USDC mock,21.11425637,21.75408232,20.90098106,21.32753169,111758.5949,6000000.0
2026-03-22,UNI,eth,mock_uniswap_v3,mock_uni_pool,UNI / USDC mock,21.22733142,21.87058389,21.01291394,21.44174891,154423.6905,6000000.0
2026-03-23,UNI,eth,mock_uniswap_v3,mock_uni_pool,UNI / USDC mock,20.99377226,21.62994717,20.78171395,21.20583056,279051.8624,6000000.0
2026-03-24,UNI,eth,mock_uniswap_v3,mock_uni_pool,UNI / USDC mock,20.39788798,21.01600579,20.1918487,20.60392725,147740.2555,6000000.0
2026-03-25,UNI,eth,mock_uniswap_v3,mock_uni_pool,UNI / USDC mock,19.80374399,20.40385745,19.60370617,20.00378181,189114.4613,6000000.0
2026-03-26,UNI,eth,mock_uniswap_v3,mock_uni_pool,UNI / USDC mock,19.33942776,19.92547103,19.14408,19.53477551,138106.3273,6000000.0
2026-03-27,UNI,eth,mock_uniswap_v3,mock_uni_pool,UNI / USDC mock,19.30220294,19.88711818,19.10723119,19.49717468,141020.3483,6000000.0
2026-03-28,UNI,eth,mock_uniswap_v3,mock_uni_pool,UNI / USDC mock,18.92589773,19.49940979,18.73472705,19.11706842,129437.8097,6000000.0
2026-03-29,UNI,eth,mock_uniswap_v3,mock_uni_pool,UNI / USDC mock,19.11103595,19.69015825,18.91799518,19.30407672,158447.5369,6000000.0
2026-03-30,UNI,eth,mock_uniswap_v3,mock_uni_pool,UNI / USDC mock,18.9263369,19.49986226,18.73516178,19.11751202,182543.9881,6000000.0
2026-03-31,UNI,eth,mock_uniswap_v3,mock_uni_pool,UNI / USDC mock,18.77156759,19.34040297,18.5819558,18.96117938,217430.0866,6000000.0
2026-04-01,UNI,eth,mock_uniswap_v3,mock_uni_pool,UNI / USDC mock,18.62769071,19.19216619,18.43953222,18.8158492,269048.4276,6000000.0
2026-04-02,UNI,eth,mock_uniswap_v3,mock_uni_pool,UNI / USDC mock,18.39696962,18.95445355,18.21114165,18.5827976,361363.1219,6000000.0
2026-04-03,UNI,eth,mock_uniswap_v3,mock_uni_pool,UNI / USDC mock,18.54833144,19.11040209,18.36097455,18.73568832,200954.683,6000000.0
2026-04-04,UNI,eth,mock_uniswap_v3,mock_uni_pool,UNI / USDC mock,18.89667004,19.4692964,18.70579459,19.0875455,317900.3725,6000000.0
2026-04-05,UNI,eth,mock_uniswap_v3,mock_uni_pool,UNI / USDC mock,18.22416488,18.7764123,18.0400824,18.40824735,297418.2172,6000000.0
2026-04-06,UNI,eth,mock_uniswap_v3,mock_uni_pool,UNI / USDC mock,18.36364224,18.92011625,18.17815091,18.54913358,412062.1034,6000000.0
2026-04-07,UNI,eth,mock_uniswap_v3,mock_uni_pool,UNI / USDC mock,17.84898555,18.3898639,17.66869277,18.02927833,310383.4965,6000000.0
2026-04-08,UNI,eth,mock_uniswap_v3,mock_uni_pool,UNI / USDC mock,17.809771,18.34946103,17.62987432,17.98966767,354653.2557,6000000.0
2026-04-09,UNI,eth,mock_uniswap_v3,mock_uni_pool,UNI / USDC mock,18.18873725,18.73991111,18.00501264,18.37246187,526294.2028,6000000.0
2026-04-10,UNI,eth,mock_uniswap_v3,mock_uni_pool,UNI / USDC mock,17.91778416,18.46074732,17.73679644,18.09877188,396975.739,6000000.0
2026-04-11,UNI,eth,mock_uniswap_v3,mock_uni_pool,UNI / USDC mock,17.79066967,18.32978087,17.61096593,17.9703734,738314.5947,6000000.0
2026-04-12,UNI,eth,mock_uniswap_v3,mock_uni_pool,UNI / USDC mock,17.61111445,18.14478458,17.4332244,17.78900449,387888.034,6000000.0
2026-04-13,UNI,eth,mock_uniswap_v3,mock_uni_pool,UNI / USDC mock,17.46094801,17.99006765,17.2845748,17.63732123,437829.2118,6000000.0
2026-04-14,UNI,eth,mock_uniswap_v3,mock_uni_pool,UNI / USDC mock,17.45754345,17.98655992,17.28120463,17.63388228,661751.7138,6000000.0
2026-04-15,UNI,eth,mock_uniswap_v3,mock_uni_pool,UNI / USDC mock,17.28374533,17.80749519,17.10916204,17.45832861,629505.0702,6000000.0
2026-04-16,UNI,eth,mock_uniswap_v3,mock_uni_pool,UNI / USDC mock,16.97224901,17.48655958,16.80081215,17.14368587,580851.4847,6000000.0
2026-04-17,UNI,eth,mock_uniswap_v3,mock_uni_pool,UNI / USDC mock,16.62675202,17.13059299,16.45880503,16.79469901,547272.1549,6000000.0
2026-04-18,UNI,eth,mock_uniswap_v3,mock_uni_pool,UNI / USDC mock,16.47090474,16.97002306,16.30453196,16.63727751,337205.9035,6000000.0
2026-04-19,UNI,eth,mock_uniswap_v3,mock_uni_pool,UNI / USDC mock,16.40935606,16.90660927,16.24360498,16.57510713,373848.2172,6000000.0
2026-04-20,UNI,eth,mock_uniswap_v3,mock_uni_pool,UNI / USDC mock,16.13608377,16.625056,15.97309302,16.29907451,470169.2187,6000000.0
2026-04-21,UNI,eth,mock_uniswap_v3,mock_uni_pool,UNI / USDC mock,16.32886926,16.82368348,16.16393118,16.49380733,455649.1513,6000000.0
2026-04-22,UNI,eth,mock_uniswap_v3,mock_uni_pool,UNI / USDC mock,15.90929072,16.39139044,15.74859082,16.06999063,316061.3515,6000000.0
2026-04-23,UNI,eth,mock_uniswap_v3,mock_uni_pool,UNI / USDC mock,15.46959055,15.93836602,15.31333206,15.62584904,508402.1322,6000000.0
2026-04-24,UNI,eth,mock_uniswap_v3,mock_uni_pool,UNI / USDC mock,15.57119063,16.04304489,15.41390587,15.72847538,561491.3349,6000000.0
2026-04-25,UNI,eth,mock_uniswap_v3,mock_uni_pool,UNI / USDC mock,15.22923377,15.6907257,15.07540313,15.38306441,664029.8732,6000000.0
2026-04-26,UNI,eth,mock_uniswap_v3,mock_uni_pool,UNI / USDC mock,15.03642832,15.49207767,14.88454521,15.18831144,353824.1621,6000000.0
2026-04-27,UNI,eth,mock_uniswap_v3,mock_uni_pool,UNI / USDC mock,14.67466239,15.11934913,14.52643348,14.8228913,268970.0879,6000000.0
2026-04-28,UNI,eth,mock_uniswap_v3,mock_uni_pool,UNI / USDC mock,14.76322392,15.21059434,14.61410045,14.91234739,450408.6639,6000000.0
2026-04-29,UNI,eth,mock_uniswap_v3,mock_uni_pool,UNI / USDC mock,14.58234731,15.02423662,14.43505087,14.72964375,353877.846,6000000.0
2026-04-30,UNI,eth,mock_uniswap_v3,mock_uni_pool,UNI / USDC mock,14.5220747,14.96213757,14.37538708,14.66876233,406800.5237,6000000.0
2026-01-01,AAVE,eth,mock_uniswap_v3,mock_aave_pool,AAVE / USDC mock,17.87003598,18.41155222,17.68953057,18.0505414,558262.5883,9000000.0
2026-01-02,AAVE,eth,mock_uniswap_v3,mock_aave_pool,AAVE / USDC mock,17.79018433,18.32928083,17.6104855,17.96988316,678231.435,9000000.0
2026-01-03,AAVE,eth,mock_uniswap_v3,mock_aave_pool,AAVE / USDC mock,17.78576855,18.32473123,17.60611432,17.96542278,487572.0622,9000000.0
2026-01-04,AAVE,eth,mock_uniswap_v3,mock_aave_pool,AAVE / USDC mock,17.33029699,17.85545751,17.15524349,17.5053505,483995.488,9000000.0
2026-01-05,AAVE,eth,mock_uniswap_v3,mock_aave_pool,AAVE / USDC mock,17.73771867,18.2752253,17.5585498,17.91688755,923217.8665,9000000.0
2026-01-06,AAVE,eth,mock_uniswap_v3,mock_aave_pool,AAVE / USDC mock,17.98684272,18.53189856,17.80515744,18.168528,558294.7544,9000000.0
2026-01-07,AAVE,eth,mock_uniswap_v3,mock_aave_pool,AAVE / USDC mock,18.21155622,18.76342156,18.02760111,18.39551134,586517.6702,9000000.0
2026-01-08,AAVE,eth,mock_uniswap_v3,mock_aave_pool,AAVE / USDC mock,18.24153239,18.7943061,18.05727449,18.42579029,310275.3537,9000000.0
2026-01-09,AAVE,eth,mock_uniswap_v3,mock_aave_pool,AAVE / USDC mock,18.91403668,19.48718931,18.72298581,19.10508756,401795.7524,9000000.0
2026-01-10,AAVE,eth,mock_uniswap_v3,mock_aave_pool,AAVE / USDC mock,19.43532459,20.02427382,19.23900818,19.631641,488244.5987,9000000.0
2026-01-11,AAVE,eth,mock_uniswap_v3,mock_aave_pool,AAVE / USDC mock,19.54367559,20.13590819,19.34626473,19.74108646,489672.0786,9000000.0
2026-01-12,AAVE,eth,mock_uniswap_v3,mock_aave_pool,AAVE / USDC mock,20.42792287,21.04695084,20.22158021,20.63426552,258099.4671,9000000.0
2026-01-13,AAVE,eth,mock_uniswap_v3,mock_aave_pool,AAVE / USDC mock,20.6302713,21.25543104,20.42188472,20.83865788,540297.8534,9000000.0
2026-01-14,AAVE,eth,mock_uniswap_v3,mock_aave_pool,AAVE / USDC mock,20.5059892,21.12738281,20.29885799,20.7131204,428668.2241,9000000.0
2026-01-15,AAVE,eth,mock_uniswap_v3,mock_aave_pool,AAVE / USDC mock,21.38872625,22.03686947,21.17267851,21.60477399,546910.4273,9000000.0
2026-01-16,AAVE,eth,mock_uniswap_v3,mock_aave_pool,AAVE / USDC mock,21.86281556,22.52532512,21.64197904,22.08365208,475735.4888,9000000.0
2026-01-17,AAVE,eth,mock_uniswap_v3,mock_aave_pool,AAVE / USDC mock,21.85019669,22.51232386,21.62948763,22.07090574,375267.4157,9000000.0
2026-01-18,AAVE,eth,mock_uniswap_v3,mock_aave_pool,AAVE / USDC mock,22.12459106,22.79503322,21.90111035,22.34807178,319174.5365,9000000.0
2026-01-19,AAVE,eth,mock_uniswap_v3,mock_aave_pool,AAVE / USDC mock,23.1378693,23.83901685,22.90415344,23.37158515,294230.1587,9000000.0
2026-01-20,AAVE,eth,mock_uniswap_v3,mock_aave_pool,AAVE / USDC mock,22.69707399,23.38486411,22.46781061,22.92633736,318476.5124,9000000.0
2026-01-21,AAVE,eth,mock_uniswap_v3,mock_aave_pool,AAVE / USDC mock,23.78147419,24.50212493,23.54125728,24.0216911,342560.5785,9000000.0
2026-01-22,AAVE,eth,mock_uniswap_v3,mock_aave_pool,AAVE / USDC mock,24.65914832,25.40639524,24.41006601,24.90823063,269209.968,9000000.0
2026-01-23,AAVE,eth,mock_uniswap_v3,mock_aave_pool,AAVE / USDC mock,25.28388941,26.05006787,25.02849658,25.53928223,272802.5548,9000000.0
2026-01-24,AAVE,eth,mock_uniswap_v3,mock_aave_pool,AAVE / USDC mock,25.29987544,26.06653833,25.04432114,25.55542973,251031.0186,9000000.0
2026-01-25,AAVE,eth,mock_uniswap_v3,mock_aave_pool,AAVE / USDC mock,25.15323603,25.9154553,24.89916294,25.40730912,278802.4621,9000000.0
2026-01-26,AAVE,eth,mock_uniswap_v3,mock_aave_pool,AAVE / USDC mock,25.59561202,26.37123662,25.33707048,25.85415355,238387.1796,9000000.0
2026-01-27,AAVE,eth,mock_uniswap_v3,mock_aave_pool,AAVE / USDC mock,25.62262527,26.39906846,25.36381088,25.88143967,284298.7792,9000000.0
2026-01-28,AAVE,eth,mock_uniswap_v3,mock_aave_pool,AAVE / USDC mock,26.07818341,26.86843139,25.81476741,26.3415994,211753.3237,9000000.0
2026-01-29,AAVE,eth,mock_uniswap_v3,mock_aave_pool,AAVE / USDC mock,25.75893544,26.53950924,25.49874417,26.01912671,286230.1033,9000000.0
2026-01-30,AAVE,eth,mock_uniswap_v3,mock_aave_pool,AAVE / USDC mock,26.19585589,26.9896697,25.93125128,26.46046049,235806.889,9000000.0
2026-01-31,AAVE,eth,mock_uniswap_v3,mock_aave_pool,AAVE / USDC mock,27.08305628,27.90375496,26.80949006,27.35662251,314186.4796,9000000.0
2026-02-01,AAVE,eth,mock_uniswap_v3,mock_aave_pool,AAVE / USDC mock,26.97792998,27.79544301,26.70542564,27.25043432,216946.43,9000000.0
2026-02-02,AAVE,eth,mock_uniswap_v3,mock_aave_pool,AAVE / USDC mock,27.41062985,28.241255,27.1337548,27.6875049,451784.7946,9000000.0
2026-02-03,AAVE,eth,mock_uniswap_v3,mock_aave_pool,AAVE / USDC mock,27.5317792,28.36607554,27.25368042,27.80987798,1653617.6886,9000000.0
2026-02-04,AAVE,eth,mock_uniswap_v3,mock_aave_pool,AAVE / USDC mock,27.79440598,28.63666071,27.5136544,28.07515755,495729.8617,9000000.0
2026-02-05,AAVE,eth,mock_uniswap_v3,mock_aave_pool,AAVE / USDC mock,28.09777433,28.94922203,27.81395843,28.38159023,397487.2494,9000000.0
2026-02-06,AAVE,eth,mock_uniswap_v3,mock_aave_pool,AAVE / USDC mock,28.32427423,29.18258557,28.03817045,28.61037801,450871.2759,9000000.0
2026-02-07,AAVE,eth,mock_uniswap_v3,mock_aave_pool,AAVE / USDC mock,29.45469391,30.34726039,29.15717175,29.75221607,263799.1183,9000000.0
2026-02-08,AAVE,eth,mock_uniswap_v3,mock_aave_pool,AAVE / USDC mock,29.65621755,30.55489081,29.3566598,29.95577531,530749.6929,9000000.0
2026-02-09,AAVE,eth,mock_uniswap_v3,mock_aave_pool,AAVE / USDC mock,29.76015531,30.6619782,29.45954768,30.06076294,797863.546,9000000.0
2026-02-10,AAVE,eth,mock_uniswap_v3,mock_aave_pool,AAVE / USDC mock,31.53149762,32.48699755,31.21299764,31.84999759,646768.8632,9000000.0
2026-02-11,AAVE,eth,mock_uniswap_v3,mock_aave_pool,AAVE / USDC mock,31.35277264,32.30285666,31.03607796,31.66946731,539503.681,9000000.0
2026-02-12,AAVE,eth,mock_uniswap_v3,mock_aave_pool,AAVE / USDC mock,31.73749081,32.69923295,31.41691009,32.05807152,616828.977,9000000.0
2026-02-13,AAVE,eth,mock_uniswap_v3,mock_aave_pool,AAVE / USDC mock,31.16158158,32.10587193,30.84681813,31.47634503,591952.4091,9000000.0
2026-02-14,AAVE,eth,mock_uniswap_v3,mock_aave_pool,AAVE / USDC mock,31.65286172,32.61203934,31.33313584,31.97258759,697209.3673,9000000.0
2026-02-15,AAVE,eth,mock_uniswap_v3,mock_aave_pool,AAVE / USDC mock,31.9103125,32.87729167,31.58798611,32.23263889,521767.6556,9000000.0
2026-02-16,AAVE,eth,mock_uniswap_v3,mock_aave_pool,AAVE / USDC mock,31.73321237,32.69482487,31.41267487,32.05374987,554637.5783,9000000.0
2026-02-17,AAVE,eth,mock_uniswap_v3,mock_aave_pool,AAVE / USDC mock,31.23058313,32.17696443,30.91512269,31.54604356,505585.3396,9000000.0
2026-02-18,AAVE,eth,mock_uniswap_v3,mock_aave_pool,AAVE / USDC mock,32.34367995,33.32379146,32.01697611,32.67038378,623475.0245,9000000.0
2026-02-19,AAVE,eth,mock_uniswap_v3,mock_aave_pool,AAVE / USDC mock,32.8037654,33.7978189,32.47241424,33.13511657,626201.3888,9000000.0
2026-02-20,AAVE,eth,mock_uniswap_v3,mock_aave_pool,AAVE / USDC mock,33.45234823,34.46605575,33.11444572,33.79025074,425394.5915,9000000.0
2026-02-21,AAVE,eth,mock_uniswap_v3,mock_aave_pool,AAVE / USDC mock,34.24163317,35.27925842,33.89575809,34.58750825,699473.4829,9000000.0
2026-02-22,AAVE,eth,mock_uniswap_v3,mock_aave_pool,AAVE / USDC mock,34.28702095,35.32602158,33.9406874,34.63335449,673915.4833,9000000.0
2026-02-23,AAVE,eth,mock_uniswap_v3,mock_aave_pool,AAVE / USDC mock,33.75951319,34.78252874,33.41850801,34.10051837,635068.6069,9000000.0
2026-02-24,AAVE,eth,mock_uniswap_v3,mock_aave_pool,AAVE / USDC mock,33.79363699,34.81768659,33.45228712,34.13498686,619275.6837,9000000.0
2026-02-25,AAVE,eth,mock_uniswap_v3,mock_aave_pool,AAVE / USDC mock,34.0914839,35.12455917,33.74712548,34.43584232,815442.2612,9000000.0
2026-02-26,AAVE,eth,mock_uniswap_v3,mock_aave_pool,AAVE / USDC mock,32.84034472,33.83550669,32.50862407,33.17206538,905663.1691,9000000.0
2026-02-27,AAVE,eth,mock_uniswap_v3,mock_aave_pool,AAVE / USDC mock,32.61984791,33.60832815,32.2903545,32.94934132,454051.6624,9000000.0
2026-02-28,AAVE,eth,mock_uniswap_v3,mock_aave_pool,AAVE / USDC mock,33.29606386,34.3050355,32.95973999,33.63238774,502466.2454,9000000.0
2026-03-01,AAVE,eth,mock_uniswap_v3,mock_aave_pool,AAVE / USDC mock,32.91504747,33.91247315,32.58257224,33.24752269,491245.9873,9000000.0
2026-03-02,AAVE,eth,mock_uniswap_v3,mock_aave_pool,AAVE / USDC mock,33.37477948,34.38613644,33.0376605,33.71189847,655937.7969,9000000.0
2026-03-03,AAVE,eth,mock_uniswap_v3,mock_aave_pool,AAVE / USDC mock,33.56794608,34.58515657,33.22887592,33.90701625,339688.1201,9000000.0
2026-03-04,AAVE,eth,mock_uniswap_v3,mock_aave_pool,AAVE / USDC mock,34.53829299,35.58490793,34.18942134,34.88716463,537470.0891,9000000.0
2026-03-05,AAVE,eth,mock_uniswap_v3,mock_aave_pool,AAVE / USDC mock,35.51904078,36.59537535,35.16026259,35.87781897,342127.2704,9000000.0
2026-03-06,AAVE,eth,mock_uniswap_v3,mock_aave_pool,AAVE / USDC mock,36.11115493,37.20543235,35.74639579,36.47591407,356914.8751,9000000.0
2026-03-07,AAVE,eth,mock_uniswap_v3,mock_aave_pool,AAVE / USDC mock,36.46745437,37.57252875,36.09909625,36.8358125,374282.2574,9000000.0
2026-03-08,AAVE,eth,mock_uniswap_v3,mock_aave_pool,AAVE / USDC mock,35.96103505,37.05076339,35.59779227,36.32427783,536917.0928,9000000.0
2026-03-09,AAVE,eth,mock_uniswap_v3,mock_aave_pool,AAVE / USDC mock,36.71763512,37.83029073,36.34674991,37.08852032,277813.1674,9000000.0
2026-03-10,AAVE,eth,mock_uniswap_v3,mock_aave_pool,AAVE / USDC mock,36.10773033,37.20190397,35.74300578,36.47245488,319540.3098,9000000.0
2026-03-11,AAVE,eth,mock_uniswap_v3,mock_aave_pool,AAVE / USDC mock,37.53877942,38.67631819,37.15959983,37.91795901,308422.954,9000000.0
2026-03-12,AAVE,eth,mock_uniswap_v3,mock_aave_pool,AAVE / USDC mock,36.88484222,38.00256471,36.51226805,37.25741638,243150.5732,9000000.0
2026-03-13,AAVE,eth,mock_uniswap_v3,mock_aave_pool,AAVE / USDC mock,37.74358988,38.88733503,37.3623415,38.12483826,1244459.0764,9000000.0
2026-03-14,AAVE,eth,mock_uniswap_v3,mock_aave_pool,AAVE / USDC mock,38.56860811,39.73735381,38.17902621,38.95819001,290218.7792,9000000.0
2026-03-15,AAVE,eth,mock_uniswap_v3,mock_aave_pool,AAVE / USDC mock,39.49415533,40.69094792,39.09522447,39.8930862,250950.6643,9000000.0
2026-03-16,AAVE,eth,mock_uniswap_v3,mock_aave_pool,AAVE / USDC mock,39.98614393,41.19784526,39.58224349,40.39004438,218360.9636,9000000.0
2026-03-17,AAVE,eth,mock_uniswap_v3,mock_aave_pool,AAVE / USDC mock,39.84194827,41.04928003,39.43950434,40.24439219,237902.4058,9000000.0
2026-03-18,AAVE,eth,mock_uniswap_v3,mock_aave_pool,AAVE / USDC mock,40.77101972,42.00650517,40.35919124,41.1828482,288183.8516,9000000.0
2026-03-19,AAVE,eth,mock_uniswap_v3,mock_aave_pool,AAVE / USDC mock,41.19436261,42.44267663,40.77825794,41.61046729,260751.3699,9000000.0
2026-03-20,AAVE,eth,mock_uniswap_v3,mock_aave_pool,AAVE / USDC mock,41.69803304,42.9616098,41.27684078,42.11922529,267438.6294,9000000.0
2026-03-21,AAVE,eth,mock_uniswap_v3,mock_aave_pool,AAVE / USDC mock,41.70132801,42.96500462,41.28010248,42.12255355,312176.5878,9000000.0
2026-03-22,AAVE,eth,mock_uniswap_v3,mock_aave_pool,AAVE / USDC mock,41.91329968,43.18339968,41.48993302,42.33666635,288345.555,9000000.0
2026-03-23,AAVE,eth,mock_uniswap_v3,mock_aave_pool,AAVE / USDC mock,41.03242258,42.27582933,40.61795367,41.4468915,262210.4081,9000000.0
2026-03-24,AAVE,eth,mock_uniswap_v3,mock_aave_pool,AAVE / USDC mock,39.81191589,41.01833758,39.40977532,40.21405645,438857.8812,9000000.0
2026-03-25,AAVE,eth,mock_uniswap_v3,mock_aave_pool,AAVE / USDC mock,39.25703476,40.44664187,38.86049906,39.65357046,352621.223,9000000.0
2026-03-26,AAVE,eth,mock_uniswap_v3,mock_aave_pool,AAVE / USDC mock,38.82338717,39.99985345,38.43123175,39.2155426,437465.7072,9000000.0
2026-03-27,AAVE,eth,mock_uniswap_v3,mock_aave_pool,AAVE / USDC mock,38.59518099,39.76473193,38.20533068,38.9850313,375807.1417,9000000.0
2026-03-28,AAVE,eth,mock_uniswap_v3,mock_aave_pool,AAVE / USDC mock,38.55185122,39.72008913,38.16243858,38.94126385,370353.3178,9000000.0
2026-03-29,AAVE,eth,mock_uniswap_v3,mock_aave_pool,AAVE / USDC mock,37.20991457,38.33748774,36.83405685,37.5857723,323640.2338,9000000.0
2026-03-30,AAVE,eth,mock_uniswap_v3,mock_aave_pool,AAVE / USDC mock,37.27509636,38.40464473,36.89858023,37.65161248,438963.9396,9000000.0
2026-03-31,AAVE,eth,mock_uniswap_v3,mock_aave_pool,AAVE / USDC mock,36.50487463,37.61108295,36.13613852,36.87361074,592621.8333,9000000.0
2026-04-01,AAVE,eth,mock_uniswap_v3,mock_aave_pool,AAVE / USDC mock,36.67054627,37.78177494,36.30013671,37.04095583,785622.6192,9000000.0
2026-04-02,AAVE,eth,mock_uniswap_v3,mock_aave_pool,AAVE / USDC mock,36.20730033,37.30449125,35.84157002,36.57303064,504641.1369,9000000.0
2026-04-03,AAVE,eth,mock_uniswap_v3,mock_aave_pool,AAVE / USDC mock,35.55883061,36.63637093,35.1996505,35.91801072,448594.4504,9000000.0
2026-04-04,AAVE,eth,mock_uniswap_v3,mock_aave_pool,AAVE / USDC mock,34.08454836,35.11741346,33.74025999,34.42883673,622889.0041,9000000.0
2026-04-05,AAVE,eth,mock_uniswap_v3,mock_aave_pool,AAVE / USDC mock,32.6111626,33.59937965,32.28175692,32.94056829,622030.7213,9000000.0
2026-04-06,AAVE,eth,mock_uniswap_v3,mock_aave_pool,AAVE / USDC mock,32.52695032,33.51261549,32.19839527,32.85550538,624809.9958,9000000.0
2026-04-07,AAVE,eth,mock_uniswap_v3,mock_aave_pool,AAVE / USDC mock,31.61979878,32.5779745,31.30040687,31.93919069,556118.7195,9000000.0
2026-04-08,AAVE,eth,mock_uniswap_v3,mock_aave_pool,AAVE / USDC mock,31.25146978,32.19848402,30.93579837,31.5671412,686549.8603,9000000.0
2026-04-09,AAVE,eth,mock_uniswap_v3,mock_aave_pool,AAVE / USDC mock,30.76651627,31.69883495,30.45574338,31.07728917,500599.8866,9000000.0
2026-04-10,AAVE,eth,mock_uniswap_v3,mock_aave_pool,AAVE / USDC mock,30.53550388,31.46082218,30.22706445,30.84394331,833239.472,9000000.0
2026-04-11,AAVE,eth,mock_uniswap_v3,mock_aave_pool,AAVE / USDC mock,29.95830107,30.86612838,29.65569197,30.26091017,560534.4485,9000000.0
2026-04-12,AAVE,eth,mock_uniswap_v3,mock_aave_pool,AAVE / USDC mock,29.78128327,30.6837464,29.48046223,30.08210432,661688.2009,9000000.0
2026-04-13,AAVE,eth,mock_uniswap_v3,mock_aave_pool,AAVE / USDC mock,29.041563,29.92161036,28.74821388,29.33491212,704476.1461,9000000.0
2026-04-14,AAVE,eth,mock_uniswap_v3,mock_aave_pool,AAVE / USDC mock,28.57816876,29.44417387,28.28950039,28.86683713,570974.0548,9000000.0
2026-04-15,AAVE,eth,mock_uniswap_v3,mock_aave_pool,AAVE / USDC mock,29.02178496,29.90123299,28.72863562,29.3149343,409180.45,9000000.0
2026-04-16,AAVE,eth,mock_uniswap_v3,mock_aave_pool,AAVE / USDC mock,28.65239858,29.52065308,28.36298041,28.94181675,512548.0302,9000000.0
2026-04-17,AAVE,eth,mock_uniswap_v3,mock_aave_pool,AAVE / USDC mock,28.45881581,29.32120417,28.17135302,28.7462786,863367.2767,9000000.0
2026-04-18,AAVE,eth,mock_uniswap_v3,mock_aave_pool,AAVE / USDC mock,28.68130441,29.55043484,28.39159426,28.97101455,668428.8067,9000000.0
2026-04-19,AAVE,eth,mock_uniswap_v3,mock_aave_pool,AAVE / USDC mock,28.26375869,29.12023622,27.97826617,28.5492512,572872.8093,9000000.0
2026-04-20,AAVE,eth,mock_uniswap_v3,mock_aave_pool,AAVE / USDC mock,26.68341816,27.49200659,26.41388869,26.95294764,568450.2792,9000000.0
2026-04-21,AAVE,eth,mock_uniswap_v3,mock_aave_pool,AAVE / USDC mock,26.58175276,27.38726042,26.31325021,26.85025531,649807.5855,9000000.0
2026-04-22,AAVE,eth,mock_uniswap_v3,mock_aave_pool,AAVE / USDC mock,26.31291166,27.11027261,26.04712467,26.57869864,822790.4128,9000000.0
2026-04-23,AAVE,eth,mock_uniswap_v3,mock_aave_pool,AAVE / USDC mock,26.32973213,27.1276028,26.06377524,26.59568902,642496.4666,9000000.0
2026-04-24,AAVE,eth,mock_uniswap_v3,mock_aave_pool,AAVE / USDC mock,25.89336711,26.6780146,25.63181795,26.15491628,666143.7153,9000000.0
2026-04-25,AAVE,eth,mock_uniswap_v3,mock_aave_pool,AAVE / USDC mock,25.82936011,26.61206799,25.56845749,26.09026274,426051.3646,9000000.0
2026-04-26,AAVE,eth,mock_uniswap_v3,mock_aave_pool,AAVE / USDC mock,26.30298406,27.10004419,26.03729736,26.56867077,406029.6203,9000000.0
2026-04-27,AAVE,eth,mock_uniswap_v3,mock_aave_pool,AAVE / USDC mock,26.15831015,26.95098622,25.8940848,26.42253551,387860.0025,9000000.0
2026-04-28,AAVE,eth,mock_uniswap_v3,mock_aave_pool,AAVE / USDC mock,25.82203865,26.60452467,25.56120997,26.08286732,303773.031,9000000.0
2026-04-29,AAVE,eth,mock_uniswap_v3,mock_aave_pool,AAVE / USDC mock,25.73844905,26.51840205,25.47846472,25.99843338,313754.0805,9000000.0
2026-04-30,AAVE,eth,mock_uniswap_v3,mock_aave_pool,AAVE / USDC mock,25.13130404,25.89285871,24.87745248,25.3851556,219077.2149,9000000.0
2026-01-01,LINK,eth,mock_uniswap_v3,mock_link_pool,LINK / USDC mock,25.28537521,26.0515987,25.02996738,25.54078304,702349.2176,12000000.0
2026-01-02,LINK,eth,mock_uniswap_v3,mock_link_pool,LINK / USDC mock,25.26137742,26.0268737,25.00621199,25.51654285,664434.907,12000000.0
2026-01-03,LINK,eth,mock_uniswap_v3,mock_link_pool,LINK / USDC mock,25.43594525,26.20673147,25.17901651,25.69287399,889158.2649,12000000.0
2026-01-04,LINK,eth,mock_uniswap_v3,mock_link_pool,LINK / USDC mock,26.29862463,27.09555265,26.03298196,26.5642673,846460.7782,12000000.0
2026-01-05,LINK,eth,mock_uniswap_v3,mock_link_pool,LINK / USDC mock,25.40352396,26.17332771,25.1469227,25.66012521,673320.2167,12000000.0
2026-01-06,LINK,eth,mock_uniswap_v3,mock_link_pool,LINK / USDC mock,24.98676808,25.74394288,24.73437649,25.23915968,255459.9533,12000000.0
2026-01-07,LINK,eth,mock_uniswap_v3,mock_link_pool,LINK / USDC mock,24.88727764,25.64143757,24.63589099,25.13866428,574733.1111,12000000.0
2026-01-08,LINK,eth,mock_uniswap_v3,mock_link_pool,LINK / USDC mock,24.83698607,25.58962201,24.58610742,25.08786472,477193.3292,12000000.0
2026-01-09,LINK,eth,mock_uniswap_v3,mock_link_pool,LINK / USDC mock,25.22420338,25.98857317,24.96941344,25.47899331,537601.5875,12000000.0
2026-01-10,LINK,eth,mock_uniswap_v3,mock_link_pool,LINK / USDC mock,25.47299085,26.24489967,25.21568792,25.73029379,423491.1161,12000000.0
2026-01-11,LINK,eth,mock_uniswap_v3,mock_link_pool,LINK / USDC mock,25.98132619,26.7686391,25.71888855,26.24376383,375971.767,12000000.0
2026-01-12,LINK,eth,mock_uniswap_v3,mock_link_pool,LINK / USDC mock,25.8537462,26.63719306,25.59259725,26.11489516,644175.712,12000000.0
2026-01-13,LINK,eth,mock_uniswap_v3,mock_link_pool,LINK / USDC mock,26.44849624,27.24996582,26.18133971,26.71565276,382043.5657,12000000.0
2026-01-14,LINK,eth,mock_uniswap_v3,mock_link_pool,LINK / USDC mock,27.02619327,27.84516883,26.75320142,27.29918512,396766.832,12000000.0
2026-01-15,LINK,eth,mock_uniswap_v3,mock_link_pool,LINK / USDC mock,27.27003165,28.09639624,26.99457678,27.54548651,217623.3922,12000000.0
2026-01-16,LINK,eth,mock_uniswap_v3,mock_link_pool,LINK / USDC mock,26.69448884,27.50341275,26.42484754,26.96413015,340930.1638,12000000.0
2026-01-17,LINK,eth,mock_uniswap_v3,mock_link_pool,LINK / USDC mock,27.0136033,27.83219734,26.74073862,27.28646798,290561.2485,12000000.0
2026-01-18,LINK,eth,mock_uniswap_v3,mock_link_pool,LINK / USDC mock,26.58959972,27.39534517,26.3210179,26.85818153,390133.303,12000000.0
2026-01-19,LINK,eth,mock_uniswap_v3,mock_link_pool,LINK / USDC mock,26.54322415,27.34756428,26.27511078,26.81133753,413975.3991,12000000.0
2026-01-20,LINK,eth,mock_uniswap_v3,mock_link_pool,LINK / USDC mock,27.02705999,27.8460618,26.75405938,27.30006059,268316.3095,12000000.0
2026-01-21,LINK,eth,mock_uniswap_v3,mock_link_pool,LINK / USDC mock,28.26332555,29.11978996,27.97783742,28.54881369,316654.946,12000000.0
2026-01-22,LINK,eth,mock_uniswap_v3,mock_link_pool,LINK / USDC mock,29.30100189,30.18891104,29.00503218,29.59697161,296671.7385,12000000.0
2026-01-23,LINK,eth,mock_uniswap_v3,mock_link_pool,LINK / USDC mock,29.83393438,30.737993,29.53258151,30.13528726,274071.0774,12000000.0
2026-01-24,LINK,eth,mock_uniswap_v3,mock_link_pool,LINK / USDC mock,28.92737927,29.80396652,28.63518352,29.21957502,404341.6604,12000000.0
2026-01-25,LINK,eth,mock_uniswap_v3,mock_link_pool,LINK / USDC mock,29.00608151,29.88505368,28.71309079,29.29907224,324616.7216,12000000.0
2026-01-26,LINK,eth,mock_uniswap_v3,mock_link_pool,LINK / USDC mock,29.44584269,30.33814095,29.14840993,29.74327544,449255.0173,12000000.0
2026-01-27,LINK,eth,mock_uniswap_v3,mock_link_pool,LINK / USDC mock,29.85367618,30.75833304,29.5521239,30.15522847,371335.6842,12000000.0
2026-01-28,LINK,eth,mock_uniswap_v3,mock_link_pool,LINK / USDC mock,30.39922959,31.32041836,30.09216666,30.70629251,714434.404,12000000.0
2026-01-29,LINK,eth,mock_uniswap_v3,mock_link_pool,LINK / USDC mock,30.51037354,31.43493032,30.20218795,30.81855913,453078.1429,12000000.0
2026-01-30,LINK,eth,mock_uniswap_v3,mock_link_pool,LINK / USDC mock,30.53561014,31.46093166,30.22716964,30.84405065,531540.297,12000000.0
2026-01-31,LINK,eth,mock_uniswap_v3,mock_link_pool,LINK / USDC mock,31.60655522,32.56432962,31.28729709,31.92581336,780024.2309,12000000.0
2026-02-01,LINK,eth,mock_uniswap_v3,mock_link_pool,LINK / USDC mock,32.2919944,33.27053969,31.96581264,32.61817617,655648.9757,12000000.0
2026-02-02,LINK,eth,mock_uniswap_v3,mock_link_pool,LINK / USDC mock,33.5411422,34.55754044,33.20234278,33.87994161,804575.8497,12000000.0
2026-02-03,LINK,eth,mock_uniswap_v3,mock_link_pool,LINK / USDC mock,34.34067314,35.38129959,33.99379765,34.68754862,589599.0722,12000000.0
2026-02-04,LINK,eth,mock_uniswap_v3,mock_link_pool,LINK / USDC mock,35.53633495,36.61319358,35.17738207,35.89528782,5185412.2818,12000000.0
2026-02-05,LINK,eth,mock_uniswap_v3,mock_link_pool,LINK / USDC mock,35.3986837,36.47137108,35.04112124,35.75624616,768558.8026,12000000.0
2026-02-06,LINK,eth,mock_uniswap_v3,mock_link_pool,LINK / USDC mock,34.65639119,35.70658486,34.30632663,35.00645575,853756.7275,12000000.0
2026-02-07,LINK,eth,mock_uniswap_v3,mock_link_pool,LINK / USDC mock,34.26781113,35.30622965,33.92167163,34.61395064,840547.7035,12000000.0
2026-02-08,LINK,eth,mock_uniswap_v3,mock_link_pool,LINK / USDC mock,35.39333244,36.46585766,35.03582403,35.75084084,1174247.9795,12000000.0
2026-02-09,LINK,eth,mock_uniswap_v3,mock_link_pool,LINK / USDC mock,35.30311484,36.3729062,34.94651772,35.65971196,626260.2291,12000000.0
2026-02-10,LINK,eth,mock_uniswap_v3,mock_link_pool,LINK / USDC mock,36.18062262,37.27700512,35.81516178,36.54608345,960880.0186,12000000.0
2026-02-11,LINK,eth,mock_uniswap_v3,mock_link_pool,LINK / USDC mock,37.24830417,38.37704066,36.87205867,37.62454966,1128141.2329,12000000.0
2026-02-12,LINK,eth,mock_uniswap_v3,mock_link_pool,LINK / USDC mock,39.05259003,40.23600185,38.65811942,39.44706063,801300.5118,12000000.0
2026-02-13,LINK,eth,mock_uniswap_v3,mock_link_pool,LINK / USDC mock,39.95194116,41.16260604,39.5483862,40.35549612,781569.4596,12000000.0
2026-02-14,LINK,eth,mock_uniswap_v3,mock_link_pool,LINK / USDC mock,41.18620042,42.4342671,40.77017819,41.60222264,990025.0208,12000000.0
2026-02-15,LINK,eth,mock_uniswap_v3,mock_link_pool,LINK / USDC mock,41.38382427,42.63787955,40.96580584,41.8018427,564571.3238,12000000.0
2026-02-16,LINK,eth,mock_uniswap_v3,mock_link_pool,LINK / USDC mock,41.69646385,42.95999306,41.27528745,42.11764025,642998.7672,12000000.0
2026-02-17,LINK,eth,mock_uniswap_v3,mock_link_pool,LINK / USDC mock,43.13013131,44.43710499,42.69447342,43.5657892,814204.5838,12000000.0
2026-02-18,LINK,eth,mock_uniswap_v3,mock_link_pool,LINK / USDC mock,43.42864693,44.74466654,42.98997373,43.86732013,1063426.3525,12000000.0
2026-02-19,LINK,eth,mock_uniswap_v3,mock_link_pool,LINK / USDC mock,43.85354891,45.18244433,43.41058377,44.29651405,1375653.0324,12000000.0
2026-02-20,LINK,eth,mock_uniswap_v3,mock_link_pool,LINK / USDC mock,43.26060764,44.57153515,42.82363181,43.69758348,807675.1518,12000000.0
2026-02-21,LINK,eth,mock_uniswap_v3,mock_link_pool,LINK / USDC mock,44.36783412,45.71231394,43.91967418,44.81599406,791228.2922,12000000.0
2026-02-22,LINK,eth,mock_uniswap_v3,mock_link_pool,LINK / USDC mock,45.80391396,47.19191135,45.34124816,46.26657976,660650.6344,12000000.0
2026-02-23,LINK,eth,mock_uniswap_v3,mock_link_pool,LINK / USDC mock,46.77551788,48.19295782,46.3030379,47.24799786,475380.126,12000000.0
2026-02-24,LINK,eth,mock_uniswap_v3,mock_link_pool,LINK / USDC mock,45.91708332,47.30851008,45.45327439,46.38089224,740978.6539,12000000.0
2026-02-25,LINK,eth,mock_uniswap_v3,mock_link_pool,LINK / USDC mock,45.53971205,46.91970332,45.07971496,45.99970914,410400.2755,12000000.0
2026-02-26,LINK,eth,mock_uniswap_v3,mock_link_pool,LINK / USDC mock,46.60248942,48.01468607,46.13175721,47.07322164,527266.6938,12000000.0
2026-02-27,LINK,eth,mock_uniswap_v3,mock_link_pool,LINK / USDC mock,46.83697796,48.25628032,46.36387717,47.31007875,461368.3446,12000000.0
2026-02-28,LINK,eth,mock_uniswap_v3,mock_link_pool,LINK / USDC mock,47.14567654,48.57433341,46.66945759,47.6218955,611563.9329,12000000.0
2026-03-01,LINK,eth,mock_uniswap_v3,mock_link_pool,LINK / USDC mock,47.31090832,48.74457221,46.83302036,47.78879628,292667.2183,12000000.0
2026-03-02,LINK,eth,mock_uniswap_v3,mock_link_pool,LINK / USDC mock,47.18028585,48.60999149,46.70371731,47.6568544,582597.9108,12000000.0
2026-03-03,LINK,eth,mock_uniswap_v3,mock_link_pool,LINK / USDC mock,48.39461664,49.86112017,47.90578213,48.88345115,412758.9878,12000000.0
2026-03-04,LINK,eth,mock_uniswap_v3,mock_link_pool,LINK / USDC mock,49.82699833,51.33690737,49.32369532,50.33030134,314563.8108,12000000.0
2026-03-05,LINK,eth,mock_uniswap_v3,mock_link_pool,LINK / USDC mock,49.98668211,51.50143005,49.48176613,50.49159809,401488.8481,12000000.0
2026-03-06,LINK,eth,mock_uniswap_v3,mock_link_pool,LINK / USDC mock,49.31109637,50.80537202,48.81300449,49.80918826,309569.1402,12000000.0
2026-03-07,LINK,eth,mock_uniswap_v3,mock_link_pool,LINK / USDC mock,49.18029527,50.67060725,48.68352461,49.67706593,356638.627,12000000.0
2026-03-08,LINK,eth,mock_uniswap_v3,mock_link_pool,LINK / USDC mock,48.74236943,50.21941093,48.25002227,49.2347166,226193.5135,12000000.0
2026-03-09,LINK,eth,mock_uniswap_v3,mock_link_pool,LINK / USDC mock,48.54290933,50.01390658,48.05257691,49.03324175,409408.2554,12000000.0
2026-03-10,LINK,eth,mock_uniswap_v3,mock_link_pool,LINK / USDC mock,49.01125667,50.49644626,48.51619347,49.50631987,319232.5622,12000000.0
2026-03-11,LINK,eth,mock_uniswap_v3,mock_link_pool,LINK / USDC mock,48.70179369,50.17760562,48.20985638,49.193731,572146.9265,12000000.0
2026-03-12,LINK,eth,mock_uniswap_v3,mock_link_pool,LINK / USDC mock,48.5673709,50.03910941,48.0767914,49.05795041,1997235.4042,12000000.0
2026-03-13,LINK,eth,mock_uniswap_v3,mock_link_pool,LINK / USDC mock,48.130516,49.58901649,47.64434918,48.61668283,334066.1354,12000000.0
2026-03-14,LINK,eth,mock_uniswap_v3,mock_link_pool,LINK / USDC mock,46.76361483,48.18069406,46.29125508,47.23597457,483631.1875,12000000.0
2026-03-15,LINK,eth,mock_uniswap_v3,mock_link_pool,LINK / USDC mock,46.97113019,48.39449777,46.49667433,47.44558605,432596.9545,12000000.0
2026-03-16,LINK,eth,mock_uniswap_v3,mock_link_pool,LINK / USDC mock,46.8789379,48.29951178,46.40541328,47.35246253,358184.8661,12000000.0
2026-03-17,LINK,eth,mock_uniswap_v3,mock_link_pool,LINK / USDC mock,47.37399221,48.80956773,46.89546704,47.85251739,352397.4319,12000000.0
2026-03-18,LINK,eth,mock_uniswap_v3,mock_link_pool,LINK / USDC mock,48.11631461,49.57438475,47.63029123,48.60233799,480766.8589,12000000.0
2026-03-19,LINK,eth,mock_uniswap_v3,mock_link_pool,LINK / USDC mock,48.0096204,49.46445738,47.52467474,48.49456606,334431.4151,12000000.0
2026-03-20,LINK,eth,mock_uniswap_v3,mock_link_pool,LINK / USDC mock,48.15553768,49.61479639,47.6691181,48.64195725,477378.8176,12000000.0
2026-03-21,LINK,eth,mock_uniswap_v3,mock_link_pool,LINK / USDC mock,47.96912406,49.42273388,47.48458746,48.45366067,600498.7987,12000000.0
2026-03-22,LINK,eth,mock_uniswap_v3,mock_link_pool,LINK / USDC mock,47.74436819,49.19116723,47.26210185,48.22663454,646703.9605,12000000.0
2026-03-23,LINK,eth,mock_uniswap_v3,mock_link_pool,LINK / USDC mock,47.07464013,48.50114438,46.59913872,47.55014155,691127.7132,12000000.0
2026-03-24,LINK,eth,mock_uniswap_v3,mock_link_pool,LINK / USDC mock,47.10331925,48.53069256,46.62752815,47.57911035,960552.0095,12000000.0
2026-03-25,LINK,eth,mock_uniswap_v3,mock_link_pool,LINK / USDC mock,46.69010864,48.10496042,46.21849138,47.1617259,669625.268,12000000.0
2026-03-26,LINK,eth,mock_uniswap_v3,mock_link_pool,LINK / USDC mock,47.21113236,48.64177274,46.73425224,47.68801249,1030509.6167,12000000.0
2026-03-27,LINK,eth,mock_uniswap_v3,mock_link_pool,LINK / USDC mock,46.38215104,47.78767077,45.91364446,46.85065762,696456.7374,12000000.0
2026-03-28,LINK,eth,mock_uniswap_v3,mock_link_pool,LINK / USDC mock,45.99135393,47.38503132,45.5267948,46.45591306,807310.4586,12000000.0
2026-03-29,LINK,eth,mock_uniswap_v3,mock_link_pool,LINK / USDC mock,45.58103691,46.96228045,45.1206224,46.04145142,843646.0294,12000000.0
2026-03-30,LINK,eth,mock_uniswap_v3,mock_link_pool,LINK / USDC mock,45.68767642,47.07215146,45.22618474,46.1491681,582346.2243,12000000.0
2026-03-31,LINK,eth,mock_uniswap_v3,mock_link_pool,LINK / USDC mock,46.27297244,47.67518373,45.80556868,46.74037621,1146359.6666,12000000.0
2026-04-01,LINK,eth,mock_uniswap_v3,mock_link_pool,LINK / USDC mock,46.50347162,47.91266773,46.03373958,46.97320366,572935.1898,12000000.0
2026-04-02,LINK,eth,mock_uniswap_v3,mock_link_pool,LINK / USDC mock,46.47843157,47.88686889,46.00895246,46.94791068,765735.4851,12000000.0
2026-04-03,LINK,eth,mock_uniswap_v3,mock_link_pool,LINK / USDC mock,45.44600316,46.82315478,44.98695263,45.9050537,920290.4111,12000000.0
2026-04-04,LINK,eth,mock_uniswap_v3,mock_link_pool,LINK / USDC mock,45.06704261,46.43271057,44.61181996,45.52226526,993028.6177,12000000.0
2026-04-05,LINK,eth,mock_uniswap_v3,mock_link_pool,LINK / USDC mock,46.08940739,47.4860561,45.62385782,46.55495696,832969.5385,12000000.0
2026-04-06,LINK,eth,mock_uniswap_v3,mock_link_pool,LINK / USDC mock,43.78446039,45.11126222,43.34219311,44.22672767,819155.8585,12000000.0
2026-04-07,LINK,eth,mock_uniswap_v3,mock_link_pool,LINK / USDC mock,43.95489394,45.28686042,43.51090511,44.39888277,1454315.2621,12000000.0
2026-04-08,LINK,eth,mock_uniswap_v3,mock_link_pool,LINK / USDC mock,42.24827631,43.52852711,41.82152605,42.67502658,665765.5721,12000000.0
2026-04-09,LINK,eth,mock_uniswap_v3,mock_link_pool,LINK / USDC mock,41.15769581,42.40489872,40.74196151,41.57343012,484026.0685,12000000.0
2026-04-10,LINK,eth,mock_uniswap_v3,mock_link_pool,LINK / USDC mock,41.73118134,42.9957626,41.30965426,42.15270843,820588.0342,12000000.0
2026-04-11,LINK,eth,mock_uniswap_v3,mock_link_pool,LINK / USDC mock,41.17754135,42.42534563,40.76160659,41.59347611,816731.0535,12000000.0
2026-04-12,LINK,eth,mock_uniswap_v3,mock_link_pool,LINK / USDC mock,41.09009459,42.33524898,40.67504313,41.50514605,655235.1419,12000000.0
2026-04-13,LINK,eth,mock_uniswap_v3,mock_link_pool,LINK / USDC mock,40.31532566,41.53700219,39.90810015,40.72255117,1028147.1701,12000000.0
2026-04-14,LINK,eth,mock_uniswap_v3,mock_link_pool,LINK / USDC mock,40.26672538,41.48692918,39.85999078,40.67345998,437541.7589,12000000.0
2026-04-15,LINK,eth,mock_uniswap_v3,mock_link_pool,LINK / USDC mock,40.24975664,41.46944624,39.84319344,40.65631984,542458.4839,12000000.0
2026-04-16,LINK,eth,mock_uniswap_v3,mock_link_pool,LINK / USDC mock,39.50084768,40.69784306,39.10184922,39.89984614,484704.6015,12000000.0
2026-04-17,LINK,eth,mock_uniswap_v3,mock_link_pool,LINK / USDC mock,38.82690078,40.00347353,38.43470986,39.21909169,594429.9344,12000000.0
2026-04-18,LINK,eth,mock_uniswap_v3,mock_link_pool,LINK / USDC mock,38.57963651,39.7487164,38.18994321,38.96932981,588645.7771,12000000.0
2026-04-19,LINK,eth,mock_uniswap_v3,mock_link_pool,LINK / USDC mock,38.51674607,39.6839202,38.12768803,38.90580412,464315.2471,12000000.0
2026-04-20,LINK,eth,mock_uniswap_v3,mock_link_pool,LINK / USDC mock,37.51550146,38.65233484,37.136557,37.89444592,323145.5536,12000000.0
2026-04-21,LINK,eth,mock_uniswap_v3,mock_link_pool,LINK / USDC mock,37.1468039,38.27246463,36.77158366,37.52202414,466141.2361,12000000.0
2026-04-22,LINK,eth,mock_uniswap_v3,mock_link_pool,LINK / USDC mock,36.57140055,37.67962481,36.20199247,36.94080864,327034.4421,12000000.0
2026-04-23,LINK,eth,mock_uniswap_v3,mock_link_pool,LINK / USDC mock,36.44917181,37.55369217,36.08099836,36.81734526,274790.7417,12000000.0
2026-04-24,LINK,eth,mock_uniswap_v3,mock_link_pool,LINK / USDC mock,36.44674147,37.55118818,36.07859257,36.81489037,331127.2207,12000000.0
2026-04-25,LINK,eth,mock_uniswap_v3,mock_link_pool,LINK / USDC mock,37.42371224,38.55776413,37.04569495,37.80172954,339384.239,12000000.0
2026-04-26,LINK,eth,mock_uniswap_v3,mock_link_pool,LINK / USDC mock,37.96966397,39.12025985,37.58613201,38.35319593,322924.0347,12000000.0
2026-04-27,LINK,eth,mock_uniswap_v3,mock_link_pool,LINK / USDC mock,37.20278441,38.33014151,36.82699871,37.57857011,386182.2314,12000000.0
2026-04-28,LINK,eth,mock_uniswap_v3,mock_link_pool,LINK / USDC mock,35.91917918,37.00763915,35.55635919,36.28199917,479007.458,12000000.0
2026-04-29,LINK,eth,mock_uniswap_v3,mock_link_pool,LINK / USDC mock,35.16507859,36.23068703,34.80987577,35.5202814,281334.6319,12000000.0
2026-04-30,LINK,eth,mock_uniswap_v3,mock_link_pool,LINK / USDC mock,33.61636647,34.63504424,33.27680721,33.95592573,443255.6881,12000000.0
2026-01-01,ARB,eth,mock_uniswap_v3,mock_arb_pool,ARB / USDC mock,33.12133735,34.12501424,32.78677839,33.45589631,559570.387,15000000.0
2026-01-02,ARB,eth,mock_uniswap_v3,mock_arb_pool,ARB / USDC mock,33.1811421,34.18663125,32.84597905,33.51630515,524740.5947,15000000.0
2026-01-03,ARB,eth,mock_uniswap_v3,mock_arb_pool,ARB / USDC mock,33.09706362,34.10000494,32.76274984,33.43137739,396321.4465,15000000.0
2026-01-04,ARB,eth,mock_uniswap_v3,mock_arb_pool,ARB / USDC mock,33.70194975,34.72322095,33.36152601,34.04237348,448011.9835,15000000.0
2026-01-05,ARB,eth,mock_uniswap_v3,mock_arb_pool,ARB / USDC mock,34.81977916,35.87492398,34.46806422,35.1714941,262627.4728,15000000.0
2026-01-06,ARB,eth,mock_uniswap_v3,mock_arb_pool,ARB / USDC mock,34.29233366,35.33149529,33.94594645,34.63872087,496200.9243,15000000.0
2026-01-07,ARB,eth,mock_uniswap_v3,mock_arb_pool,ARB / USDC mock,35.09968118,36.16330788,34.74513894,35.45422341,514154.9512,15000000.0
2026-01-08,ARB,eth,mock_uniswap_v3,mock_arb_pool,ARB / USDC mock,36.04599678,37.13829971,35.6818958,36.41009776,305567.7523,15000000.0
2026-01-09,ARB,eth,mock_uniswap_v3,mock_arb_pool,ARB / USDC mock,35.95938724,37.04906565,35.59616111,36.32261338,413423.824,15000000.0
2026-01-10,ARB,eth,mock_uniswap_v3,mock_arb_pool,ARB / USDC mock,36.27593324,37.37520395,35.90950968,36.64235681,323621.2419,15000000.0
2026-01-11,ARB,eth,mock_uniswap_v3,mock_arb_pool,ARB / USDC mock,35.82188902,36.90740081,35.46005176,36.18372628,453214.6084,15000000.0
2026-01-12,ARB,eth,mock_uniswap_v3,mock_arb_pool,ARB / USDC mock,36.56507247,37.67310496,36.1957283,36.93441663,421451.1441,15000000.0
2026-01-13,ARB,eth,mock_uniswap_v3,mock_arb_pool,ARB / USDC mock,38.00114403,39.15269385,37.61729409,38.38499397,333588.6583,15000000.0
2026-01-14,ARB,eth,mock_uniswap_v3,mock_arb_pool,ARB / USDC mock,38.34168411,39.50355332,37.95439437,38.72897384,584825.2402,15000000.0
2026-01-15,ARB,eth,mock_uniswap_v3,mock_arb_pool,ARB / USDC mock,38.40917715,39.57309161,38.02120566,38.79714864,501768.9043,15000000.0
2026-01-16,ARB,eth,mock_uniswap_v3,mock_arb_pool,ARB / USDC mock,38.67563429,39.84762321,38.28497132,39.06629726,533364.1727,15000000.0
2026-01-17,ARB,eth,mock_uniswap_v3,mock_arb_pool,ARB / USDC mock,38.88037955,40.05857287,38.48764844,39.27311065,440656.5499,15000000.0
2026-01-18,ARB,eth,mock_uniswap_v3,mock_arb_pool,ARB / USDC mock,40.44134877,41.66684419,40.0328503,40.84984724,775210.4742,15000000.0
2026-01-19,ARB,eth,mock_uniswap_v3,mock_arb_pool,ARB / USDC mock,40.97831843,42.22008565,40.56439602,41.39224083,546707.4772,15000000.0
2026-01-20,ARB,eth,mock_uniswap_v3,mock_arb_pool,ARB / USDC mock,41.68218236,42.94527879,41.26115021,42.1032145,1079956.1039,15000000.0
2026-01-21,ARB,eth,mock_uniswap_v3,mock_arb_pool,ARB / USDC mock,42.36157534,43.64525944,41.93368064,42.78947004,1087559.8148,15000000.0
2026-01-22,ARB,eth,mock_uniswap_v3,mock_arb_pool,ARB / USDC mock,43.39517127,44.71017646,42.95683621,43.83350634,890374.6281,15000000.0
2026-01-23,ARB,eth,mock_uniswap_v3,mock_arb_pool,ARB / USDC mock,44.34041012,45.68405891,43.89252719,44.78829305,988341.7309,15000000.0
2026-01-24,ARB,eth,mock_uniswap_v3,mock_arb_pool,ARB / USDC mock,45.69024814,47.07480112,45.22873049,46.1517658,1438616.6641,15000000.0
2026-01-25,ARB,eth,mock_uniswap_v3,mock_arb_pool,ARB / USDC mock,46.31225164,47.71565321,45.84445112,46.78005216,833460.5141,15000000.0
2026-01-26,ARB,eth,mock_uniswap_v3,mock_arb_pool,ARB / USDC mock,47.07798228,48.5045878,46.6024471,47.55351745,732293.3026,15000000.0
2026-01-27,ARB,eth,mock_uniswap_v3,mock_arb_pool,ARB / USDC mock,47.9773866,49.4312468,47.49276654,48.46200667,1053839.7844,15000000.0
2026-01-28,ARB,eth,mock_uniswap_v3,mock_arb_pool,ARB / USDC mock,48.94495294,50.42813333,48.45055947,49.4393464,552288.8857,15000000.0
2026-01-29,ARB,eth,mock_uniswap_v3,mock_arb_pool,ARB / USDC mock,48.00730155,49.46206827,47.52237931,48.49222379,773462.9379,15000000.0
2026-01-30,ARB,eth,mock_uniswap_v3,mock_arb_pool,ARB / USDC mock,48.88161142,50.36287237,48.38785777,49.37536507,946406.161,15000000.0
2026-01-31,ARB,eth,mock_uniswap_v3,mock_arb_pool,ARB / USDC mock,48.68036488,50.15552746,48.18864403,49.17208574,989127.1029,15000000.0
2026-02-01,ARB,eth,mock_uniswap_v3,mock_arb_pool,ARB / USDC mock,49.75190063,51.25953398,49.24935618,50.25444508,1162914.0091,15000000.0
2026-02-02,ARB,eth,mock_uniswap_v3,mock_arb_pool,ARB / USDC mock,51.29644553,52.85088328,50.77829962,51.81459145,1306011.0213,15000000.0
2026-02-03,ARB,eth,mock_uniswap_v3,mock_arb_pool,ARB / USDC mock,51.91343825,53.48657274,51.38906009,52.43781642,953887.9566,15000000.0
2026-02-04,ARB,eth,mock_uniswap_v3,mock_arb_pool,ARB / USDC mock,53.89708341,55.53032836,53.35266843,54.44149839,1030143.8588,15000000.0
2026-02-05,ARB,eth,mock_uniswap_v3,mock_arb_pool,ARB / USDC mock,53.79045156,55.42046524,53.24711366,54.33378945,4471457.2003,15000000.0
2026-02-06,ARB,eth,mock_uniswap_v3,mock_arb_pool,ARB / USDC mock,55.10371031,56.77351972,54.54710718,55.66031345,1067495.3524,15000000.0
2026-02-07,ARB,eth,mock_uniswap_v3,mock_arb_pool,ARB / USDC mock,56.88898986,58.61289864,56.3143536,57.46362612,645584.7573,15000000.0
2026-02-08,ARB,eth,mock_uniswap_v3,mock_arb_pool,ARB / USDC mock,57.94032394,59.69609133,57.35506815,58.52557974,1581764.2963,15000000.0
2026-02-09,ARB,eth,mock_uniswap_v3,mock_arb_pool,ARB / USDC mock,57.79621919,59.54761977,57.21241899,58.38001938,1261005.4575,15000000.0
2026-02-10,ARB,eth,mock_uniswap_v3,mock_arb_pool,ARB / USDC mock,58.67636948,60.45444128,58.08367887,59.26906008,975184.7624,15000000.0
2026-02-11,ARB,eth,mock_uniswap_v3,mock_arb_pool,ARB / USDC mock,59.30554911,61.10268696,58.70650316,59.90459506,738116.2616,15000000.0
2026-02-12,ARB,eth,mock_uniswap_v3,mock_arb_pool,ARB / USDC mock,58.56911026,60.34393179,57.97750309,59.16071744,963226.0468,15000000.0
2026-02-13,ARB,eth,mock_uniswap_v3,mock_arb_pool,ARB / USDC mock,57.96793853,59.72454272,57.38240379,58.55347326,1047700.575,15000000.0
2026-02-14,ARB,eth,mock_uniswap_v3,mock_arb_pool,ARB / USDC mock,60.22109433,62.04597598,59.61280045,60.82938822,1076028.069,15000000.0
2026-02-15,ARB,eth,mock_uniswap_v3,mock_arb_pool,ARB / USDC mock,59.49738852,61.30033968,58.8964048,60.09837224,660417.4174,15000000.0
2026-02-16,ARB,eth,mock_uniswap_v3,mock_arb_pool,ARB / USDC mock,58.7150687,60.49431321,58.1219872,59.30815021,746740.9697,15000000.0
2026-02-17,ARB,eth,mock_uniswap_v3,mock_arb_pool,ARB / USDC mock,58.02817522,59.78660477,57.44203203,58.6143184,542751.8851,15000000.0
2026-02-18,ARB,eth,mock_uniswap_v3,mock_arb_pool,ARB / USDC mock,57.70162245,59.45015646,57.11877778,58.28446712,623345.0804,15000000.0
2026-02-19,ARB,eth,mock_uniswap_v3,mock_arb_pool,ARB / USDC mock,58.55028999,60.32454121,57.95887292,59.14170707,434099.1325,15000000.0
2026-02-20,ARB,eth,mock_uniswap_v3,mock_arb_pool,ARB / USDC mock,60.28236756,62.10910597,59.67345476,60.89128036,469177.3614,15000000.0
2026-02-21,ARB,eth,mock_uniswap_v3,mock_arb_pool,ARB / USDC mock,60.60073404,62.43711992,59.98860542,61.21286267,527701.3265,15000000.0
2026-02-22,ARB,eth,mock_uniswap_v3,mock_arb_pool,ARB / USDC mock,62.08379975,63.96512702,61.45669067,62.71090884,592149.5176,15000000.0
2026-02-23,ARB,eth,mock_uniswap_v3,mock_arb_pool,ARB / USDC mock,62.38154935,64.27189933,61.75143269,63.01166601,355932.0479,15000000.0
2026-02-24,ARB,eth,mock_uniswap_v3,mock_arb_pool,ARB / USDC mock,63.35970367,65.27969469,62.71970666,63.99970068,352824.7341,15000000.0
2026-02-25,ARB,eth,mock_uniswap_v3,mock_arb_pool,ARB / USDC mock,63.49829497,65.42248572,62.85689805,64.13969189,626709.5507,15000000.0
2026-02-26,ARB,eth,mock_uniswap_v3,mock_arb_pool,ARB / USDC mock,63.55167852,65.47748696,62.90974238,64.19361467,382237.8014,15000000.0
2026-02-27,ARB,eth,mock_uniswap_v3,mock_arb_pool,ARB / USDC mock,64.83147713,66.79606735,64.17661373,65.48634054,427156.7525,15000000.0
2026-02-28,ARB,eth,mock_uniswap_v3,mock_arb_pool,ARB / USDC mock,66.50168765,68.51689031,65.82995343,67.17342187,397260.6045,15000000.0
2026-03-01,ARB,eth,mock_uniswap_v3,mock_arb_pool,ARB / USDC mock,66.68866991,68.70953869,66.01504698,67.36229283,477152.6079,15000000.0
2026-03-02,ARB,eth,mock_uniswap_v3,mock_arb_pool,ARB / USDC mock,67.34939608,69.39028687,66.66909915,68.02969301,343794.4684,15000000.0
2026-03-03,ARB,eth,mock_uniswap_v3,mock_arb_pool,ARB / USDC mock,68.9035197,70.99150515,68.20752456,69.59951485,375411.2671,15000000.0
2026-03-04,ARB,eth,mock_uniswap_v3,mock_arb_pool,ARB / USDC mock,69.98575272,72.1065331,69.27882592,70.69267951,336599.5407,15000000.0
2026-03-05,ARB,eth,mock_uniswap_v3,mock_arb_pool,ARB / USDC mock,71.83161436,74.00832994,71.10604249,72.55718622,552778.4838,15000000.0
2026-03-06,ARB,eth,mock_uniswap_v3,mock_arb_pool,ARB / USDC mock,72.51150799,74.70882642,71.77906852,73.24394747,707974.7557,15000000.0
2026-03-07,ARB,eth,mock_uniswap_v3,mock_arb_pool,ARB / USDC mock,71.11275422,73.26768616,70.39444357,71.83106487,552594.9596,15000000.0
2026-03-08,ARB,eth,mock_uniswap_v3,mock_arb_pool,ARB / USDC mock,71.0346784,73.18724441,70.31715639,71.7522004,709899.4072,15000000.0
2026-03-09,ARB,eth,mock_uniswap_v3,mock_arb_pool,ARB / USDC mock,73.97670237,76.21842062,73.22946295,74.72394178,852690.4803,15000000.0
2026-03-10,ARB,eth,mock_uniswap_v3,mock_arb_pool,ARB / USDC mock,74.52466345,76.78298659,73.77188907,75.27743783,718835.1677,15000000.0
2026-03-11,ARB,eth,mock_uniswap_v3,mock_arb_pool,ARB / USDC mock,75.97346923,78.27569557,75.20606045,76.74087801,3142323.57,15000000.0
2026-03-12,ARB,eth,mock_uniswap_v3,mock_arb_pool,ARB / USDC mock,74.81105887,77.07806066,74.05539161,75.56672614,852727.8355,15000000.0
2026-03-13,ARB,eth,mock_uniswap_v3,mock_arb_pool,ARB / USDC mock,74.77781516,77.04380956,74.02248369,75.53314663,582543.1253,15000000.0
2026-03-14,ARB,eth,mock_uniswap_v3,mock_arb_pool,ARB / USDC mock,76.8377865,79.16620428,76.06164725,77.61392576,614210.6794,15000000.0
2026-03-15,ARB,eth,mock_uniswap_v3,mock_arb_pool,ARB / USDC mock,77.92971722,80.2912238,77.14254836,78.71688608,914097.1091,15000000.0
2026-03-16,ARB,eth,mock_uniswap_v3,mock_arb_pool,ARB / USDC mock,80.20298926,82.63338288,79.39285806,81.01312047,665483.7226,15000000.0
2026-03-17,ARB,eth,mock_uniswap_v3,mock_arb_pool,ARB / USDC mock,79.16809893,81.56713223,78.36842116,79.9677767,804572.8312,15000000.0
2026-03-18,ARB,eth,mock_uniswap_v3,mock_arb_pool,ARB / USDC mock,79.64128567,82.05465797,78.83682824,80.44574311,785941.5818,15000000.0
2026-03-19,ARB,eth,mock_uniswap_v3,mock_arb_pool,ARB / USDC mock,81.90923937,84.39133754,81.08187332,82.73660543,827451.763,15000000.0
2026-03-20,ARB,eth,mock_uniswap_v3,mock_arb_pool,ARB / USDC mock,81.26777252,83.73043229,80.44688593,82.08865911,1055881.6747,15000000.0
2026-03-21,ARB,eth,mock_uniswap_v3,mock_arb_pool,ARB / USDC mock,79.10867543,81.50590802,78.3095979,79.90775296,838252.4656,15000000.0
2026-03-22,ARB,eth,mock_uniswap_v3,mock_arb_pool,ARB / USDC mock,80.74182813,83.18855019,79.92625411,81.55740215,1759683.7331,15000000.0
2026-03-23,ARB,eth,mock_uniswap_v3,mock_arb_pool,ARB / USDC mock,79.8861324,82.30692429,79.07920177,80.69306303,871931.616,15000000.0
2026-03-24,ARB,eth,mock_uniswap_v3,mock_arb_pool,ARB / USDC mock,81.13549641,83.59414781,80.31594594,81.95504688,950585.2518,15000000.0
2026-03-25,ARB,eth,mock_uniswap_v3,mock_arb_pool,ARB / USDC mock,80.42494656,82.86206616,79.61257337,81.23731976,1178794.9375,15000000.0
2026-03-26,ARB,eth,mock_uniswap_v3,mock_arb_pool,ARB / USDC mock,82.17854639,84.66880537,81.34846007,83.00863272,985564.9783,15000000.0
2026-03-27,ARB,eth,mock_uniswap_v3,mock_arb_pool,ARB / USDC mock,80.69377111,83.1390369,79.87868252,81.50885971,1061771.9336,15000000.0
2026-03-28,ARB,eth,mock_uniswap_v3,mock_arb_pool,ARB / USDC mock,77.82411813,80.18242474,77.03801593,78.61022033,1149681.6238,15000000.0
2026-03-29,ARB,eth,mock_uniswap_v3,mock_arb_pool,ARB / USDC mock,79.27606264,81.67836756,78.47529433,80.07683094,1044129.2597,15000000.0
2026-03-30,ARB,eth,mock_uniswap_v3,mock_arb_pool,ARB / USDC mock,77.61059461,79.96243081,76.82664921,78.39454001,1395976.2888,15000000.0
2026-03-31,ARB,eth,mock_uniswap_v3,mock_arb_pool,ARB / USDC mock,78.59439237,80.97604062,77.80050962,79.38827512,1045000.1687,15000000.0
2026-04-01,ARB,eth,mock_uniswap_v3,mock_arb_pool,ARB / USDC mock,79.90136838,82.32262197,79.09428385,80.70845291,1029038.3327,15000000.0
2026-04-02,ARB,eth,mock_uniswap_v3,mock_arb_pool,ARB / USDC mock,78.4473509,80.82454335,77.65495341,79.23974838,953635.147,15000000.0
2026-04-03,ARB,eth,mock_uniswap_v3,mock_arb_pool,ARB / USDC mock,77.82785656,80.18627645,77.04171659,78.61399652,1232305.3795,15000000.0
2026-04-04,ARB,eth,mock_uniswap_v3,mock_arb_pool,ARB / USDC mock,77.32658684,79.66981674,76.5455102,78.10766347,1280482.1111,15000000.0
2026-04-05,ARB,eth,mock_uniswap_v3,mock_arb_pool,ARB / USDC mock,77.54067999,79.89039756,76.7574408,78.32391918,686726.2406,15000000.0
2026-04-06,ARB,eth,mock_uniswap_v3,mock_arb_pool,ARB / USDC mock,77.91572648,80.2768091,77.12869894,78.70275402,689141.3414,15000000.0
2026-04-07,ARB,eth,mock_uniswap_v3,mock_arb_pool,ARB / USDC mock,77.11993116,79.45689877,76.34094196,77.89892037,559838.6834,15000000.0
2026-04-08,ARB,eth,mock_uniswap_v3,mock_arb_pool,ARB / USDC mock,76.44767262,78.76426876,75.67547391,77.21987134,541293.2339,15000000.0
2026-04-09,ARB,eth,mock_uniswap_v3,mock_arb_pool,ARB / USDC mock,76.98546485,79.31835772,76.20783389,77.7630958,604735.8972,15000000.0
2026-04-10,ARB,eth,mock_uniswap_v3,mock_arb_pool,ARB / USDC mock,76.81407444,79.14177367,76.0381747,77.58997418,703400.6277,15000000.0
2026-04-11,ARB,eth,mock_uniswap_v3,mock_arb_pool,ARB / USDC mock,74.54455959,76.80348563,73.79158424,75.29753493,571686.4538,15000000.0
2026-04-12,ARB,eth,mock_uniswap_v3,mock_arb_pool,ARB / USDC mock,73.61548639,75.8462587,72.87189561,74.35907716,655297.2963,15000000.0
2026-04-13,ARB,eth,mock_uniswap_v3,mock_arb_pool,ARB / USDC mock,70.19942188,72.32667709,69.49033681,70.90850695,667449.1379,15000000.0
2026-04-14,ARB,eth,mock_uniswap_v3,mock_arb_pool,ARB / USDC mock,71.40228359,73.56598916,70.68104841,72.12351878,428288.7382,15000000.0
2026-04-15,ARB,eth,mock_uniswap_v3,mock_arb_pool,ARB / USDC mock,72.04027775,74.22331647,71.31259818,72.76795733,549711.9795,15000000.0
2026-04-16,ARB,eth,mock_uniswap_v3,mock_arb_pool,ARB / USDC mock,69.29004687,71.38974526,68.59014741,69.98994634,526486.3178,15000000.0
2026-04-17,ARB,eth,mock_uniswap_v3,mock_arb_pool,ARB / USDC mock,67.38446746,69.42642102,66.70381627,68.06511864,336884.7616,15000000.0
2026-04-18,ARB,eth,mock_uniswap_v3,mock_arb_pool,ARB / USDC mock,63.94753085,65.88533481,63.30159619,64.5934655,470189.1698,15000000.0
2026-04-19,ARB,eth,mock_uniswap_v3,mock_arb_pool,ARB / USDC mock,61.76473903,63.63639779,61.14085278,62.38862529,573568.2142,15000000.0
2026-04-20,ARB,eth,mock_uniswap_v3,mock_arb_pool,ARB / USDC mock,61.16330276,63.01673618,60.54549162,61.7811139,617086.0801,15000000.0
2026-04-21,ARB,eth,mock_uniswap_v3,mock_arb_pool,ARB / USDC mock,58.99608764,60.78384787,58.40016756,59.59200772,410447.6058,15000000.0
2026-04-22,ARB,eth,mock_uniswap_v3,mock_arb_pool,ARB / USDC mock,57.87301628,59.62674404,57.28844036,58.4575922,583784.3207,15000000.0
2026-04-23,ARB,eth,mock_uniswap_v3,mock_arb_pool,ARB / USDC mock,59.01161515,60.79984592,58.41553823,59.60769207,316272.2699,15000000.0
2026-04-24,ARB,eth,mock_uniswap_v3,mock_arb_pool,ARB / USDC mock,59.86206167,61.67606354,59.25739438,60.46672896,537964.9615,15000000.0
2026-04-25,ARB,eth,mock_uniswap_v3,mock_arb_pool,ARB / USDC mock,59.10432937,60.89536966,58.50731595,59.7013428,385707.1947,15000000.0
2026-04-26,ARB,eth,mock_uniswap_v3,mock_arb_pool,ARB / USDC mock,58.79960182,60.58140794,58.20566645,59.3935372,343639.2596,15000000.0
2026-04-27,ARB,eth,mock_uniswap_v3,mock_arb_pool,ARB / USDC mock,58.77003564,60.55094581,58.17639892,59.36367236,364522.834,15000000.0
2026-04-28,ARB,eth,mock_uniswap_v3,mock_arb_pool,ARB / USDC mock,57.38663201,59.12562085,56.80696906,57.96629495,420679.5247,15000000.0
2026-04-29,ARB,eth,mock_uniswap_v3,mock_arb_pool,ARB / USDC mock,56.16576103,57.86775379,55.59843011,56.73309195,805369.8964,15000000.0
2026-04-30,ARB,eth,mock_uniswap_v3,mock_arb_pool,ARB / USDC mock,56.81630867,58.53801499,56.24240656,57.39021078,802809.5435,15000000.0
2026-01-01,OP,eth,mock_uniswap_v3,mock_op_pool,OP / USDC mock,39.82229738,41.02903367,39.42005196,40.22454281,497353.2976,18000000.0
2026-01-02,OP,eth,mock_uniswap_v3,mock_op_pool,OP / USDC mock,40.81443958,42.05124078,40.40217251,41.22670665,672654.23,18000000.0
2026-01-03,OP,eth,mock_uniswap_v3,mock_op_pool,OP / USDC mock,41.41278371,42.66771655,40.99447277,41.83109466,565503.0963,18000000.0
2026-01-04,OP,eth,mock_uniswap_v3,mock_op_pool,OP / USDC mock,40.17709624,41.39458401,39.77126699,40.5829255,473700.8631,18000000.0
2026-01-05,OP,eth,mock_uniswap_v3,mock_op_pool,OP / USDC mock,41.6766119,42.93953953,41.25563602,42.09758778,777934.3438,18000000.0
2026-01-06,OP,eth,mock_uniswap_v3,mock_op_pool,OP / USDC mock,43.18251248,44.49107347,42.74632549,43.61869948,549867.894,18000000.0
2026-01-07,OP,eth,mock_uniswap_v3,mock_op_pool,OP / USDC mock,43.9537597,45.28569181,43.50978233,44.39773707,633467.7937,18000000.0
2026-01-08,OP,eth,mock_uniswap_v3,mock_op_pool,OP / USDC mock,44.81479954,46.17282377,44.3621248,45.26747428,766544.7387,18000000.0
2026-01-09,OP,eth,mock_uniswap_v3,mock_op_pool,OP / USDC mock,44.03541569,45.36982222,43.59061351,44.48021787,1367687.356,18000000.0
2026-01-10,OP,eth,mock_uniswap_v3,mock_op_pool,OP / USDC mock,42.80576445,44.10290882,42.37338299,43.23814591,567878.525,18000000.0
2026-01-11,OP,eth,mock_uniswap_v3,mock_op_pool,OP / USDC mock,42.80868986,44.10592289,42.37627885,43.24110087,766014.2463,18000000.0
2026-01-12,OP,eth,mock_uniswap_v3,mock_op_pool,OP / USDC mock,43.09858427,44.40460198,42.66324504,43.53392351,983927.7291,18000000.0
2026-01-13,OP,eth,mock_uniswap_v3,mock_op_pool,OP / USDC mock,43.2245326,44.53436692,42.78792116,43.66114404,1099324.2354,18000000.0
2026-01-14,OP,eth,mock_uniswap_v3,mock_op_pool,OP / USDC mock,44.47877406,45.8266157,44.02949351,44.9280546,856165.3123,18000000.0
2026-01-15,OP,eth,mock_uniswap_v3,mock_op_pool,OP / USDC mock,45.01995125,46.38419219,44.56520427,45.47469823,1934508.5738,18000000.0
2026-01-16,OP,eth,mock_uniswap_v3,mock_op_pool,OP / USDC mock,45.32858549,46.70217899,44.87072099,45.78644999,1169314.2934,18000000.0
2026-01-17,OP,eth,mock_uniswap_v3,mock_op_pool,OP / USDC mock,44.79296194,46.15032442,44.34050778,45.2454161,1707313.6497,18000000.0
2026-01-18,OP,eth,mock_uniswap_v3,mock_op_pool,OP / USDC mock,46.70223392,48.11745313,46.23049419,47.17397366,1573439.1479,18000000.0
2026-01-19,OP,eth,mock_uniswap_v3,mock_op_pool,OP / USDC mock,47.20495185,48.63540493,46.72813415,47.68176954,1247085.1099,18000000.0
2026-01-20,OP,eth,mock_uniswap_v3,mock_op_pool,OP / USDC mock,47.52559787,48.96576751,47.04554133,48.00565442,1268704.9611,18000000.0
2026-01-21,OP,eth,mock_uniswap_v3,mock_op_pool,OP / USDC mock,47.07304096,48.49949675,46.5975557,47.54852623,1977168.3583,18000000.0
2026-01-22,OP,eth,mock_uniswap_v3,mock_op_pool,OP / USDC mock,48.16053133,49.61994137,47.67406132,48.64700135,1329493.8846,18000000.0
2026-01-23,OP,eth,mock_uniswap_v3,mock_op_pool,OP / USDC mock,48.8242538,50.30377664,48.33107952,49.31742808,1283753.6681,18000000.0
2026-01-24,OP,eth,mock_uniswap_v3,mock_op_pool,OP / USDC mock,48.10917116,49.56702483,47.62321994,48.59512239,1798111.887,18000000.0
2026-01-25,OP,eth,mock_uniswap_v3,mock_op_pool,OP / USDC mock,49.2645085,50.75737239,48.7668872,49.7621298,1341390.5827,18000000.0
2026-01-26,OP,eth,mock_uniswap_v3,mock_op_pool,OP / USDC mock,50.2806194,51.80427453,49.77273436,50.78850444,1897852.4688,18000000.0
2026-01-27,OP,eth,mock_uniswap_v3,mock_op_pool,OP / USDC mock,50.28940355,51.81332487,49.78142977,50.79737732,1407013.9917,18000000.0
2026-01-28,OP,eth,mock_uniswap_v3,mock_op_pool,OP / USDC mock,50.90663328,52.44925853,50.39242486,51.4208417,749613.3784,18000000.0
2026-01-29,OP,eth,mock_uniswap_v3,mock_op_pool,OP / USDC mock,53.30792552,54.9233172,52.76946162,53.84638941,1335388.2428,18000000.0
2026-01-30,OP,eth,mock_uniswap_v3,mock_op_pool,OP / USDC mock,51.64397337,53.20894226,51.12231708,52.16562967,1334511.5323,18000000.0
2026-01-31,OP,eth,mock_uniswap_v3,mock_op_pool,OP / USDC mock,51.35922383,52.91556394,50.84044379,51.87800387,1147309.6885,18000000.0
2026-02-01,OP,eth,mock_uniswap_v3,mock_op_pool,OP / USDC mock,52.71255172,54.30990178,52.18010171,53.24500174,1128718.637,18000000.0
2026-02-02,OP,eth,mock_uniswap_v3,mock_op_pool,OP / USDC mock,54.22113124,55.86419583,53.67344305,54.76881944,975583.6853,18000000.0
2026-02-03,OP,eth,mock_uniswap_v3,mock_op_pool,OP / USDC mock,54.89435037,56.55781553,54.33986198,55.44883875,1286327.6775,18000000.0
2026-02-04,OP,eth,mock_uniswap_v3,mock_op_pool,OP / USDC mock,55.87907741,57.57238278,55.31464228,56.44351253,1136649.0003,18000000.0
2026-02-05,OP,eth,mock_uniswap_v3,mock_op_pool,OP / USDC mock,55.99750676,57.6944009,55.43187538,56.56313814,1020822.6922,18000000.0
2026-02-06,OP,eth,mock_uniswap_v3,mock_op_pool,OP / USDC mock,55.53853555,57.22152147,54.97754024,56.09953086,4638752.8137,18000000.0
2026-02-07,OP,eth,mock_uniswap_v3,mock_op_pool,OP / USDC mock,55.86775213,57.56071432,55.3034314,56.43207286,896996.8178,18000000.0
2026-02-08,OP,eth,mock_uniswap_v3,mock_op_pool,OP / USDC mock,57.62179645,59.36791149,57.0397581,58.2038348,788577.6078,18000000.0
2026-02-09,OP,eth,mock_uniswap_v3,mock_op_pool,OP / USDC mock,58.3450289,60.11306008,57.75568517,58.93437262,804715.1111,18000000.0
2026-02-10,OP,eth,mock_uniswap_v3,mock_op_pool,OP / USDC mock,59.37555329,61.17481248,58.77580022,59.97530635,1068306.2694,18000000.0
2026-02-11,OP,eth,mock_uniswap_v3,mock_op_pool,OP / USDC mock,59.80700271,61.61933613,59.20289157,60.41111385,747813.0803,18000000.0
2026-02-12,OP,eth,mock_uniswap_v3,mock_op_pool,OP / USDC mock,61.96196409,63.83959936,61.33608566,62.58784251,882321.7108,18000000.0
2026-02-13,OP,eth,mock_uniswap_v3,mock_op_pool,OP / USDC mock,61.2145185,63.06950391,60.59619003,61.83284697,855791.3054,18000000.0
2026-02-14,OP,eth,mock_uniswap_v3,mock_op_pool,OP / USDC mock,60.81732471,62.66027395,60.2030083,61.43164112,589079.7325,18000000.0
2026-02-15,OP,eth,mock_uniswap_v3,mock_op_pool,OP / USDC mock,62.06148886,63.94214004,61.43460513,62.68837258,733429.8481,18000000.0
2026-02-16,OP,eth,mock_uniswap_v3,mock_op_pool,OP / USDC mock,61.87201278,63.74692226,61.24704295,62.4969826,686358.3769,18000000.0
2026-02-17,OP,eth,mock_uniswap_v3,mock_op_pool,OP / USDC mock,63.88964967,65.82569966,63.24429967,64.53499967,511620.4673,18000000.0
2026-02-18,OP,eth,mock_uniswap_v3,mock_op_pool,OP / USDC mock,64.64007584,66.59886602,63.98714579,65.2930059,516024.8662,18000000.0
2026-02-19,OP,eth,mock_uniswap_v3,mock_op_pool,OP / USDC mock,66.51796103,68.53365682,65.84606244,67.18985963,552053.2446,18000000.0
2026-02-20,OP,eth,mock_uniswap_v3,mock_op_pool,OP / USDC mock,66.07633321,68.07864634,65.4088955,66.74377092,503819.6826,18000000.0
2026-02-21,OP,eth,mock_uniswap_v3,mock_op_pool,OP / USDC mock,65.60495643,67.59298541,64.9422801,66.26763275,534665.7986,18000000.0
2026-02-22,OP,eth,mock_uniswap_v3,mock_op_pool,OP / USDC mock,64.19299277,66.13823497,63.5445787,64.84140683,559906.9634,18000000.0
2026-02-23,OP,eth,mock_uniswap_v3,mock_op_pool,OP / USDC mock,65.64153576,67.63067321,64.97848994,66.30458158,604374.1199,18000000.0
2026-02-24,OP,eth,mock_uniswap_v3,mock_op_pool,OP / USDC mock,68.34226852,70.41324635,67.65194257,69.03259446,561505.0852,18000000.0
2026-02-25,OP,eth,mock_uniswap_v3,mock_op_pool,OP / USDC mock,70.45074994,72.58562115,69.7391262,71.16237367,446459.8849,18000000.0
2026-02-26,OP,eth,mock_uniswap_v3,mock_op_pool,OP / USDC mock,70.93924194,73.08891594,70.22268395,71.65579994,680827.1972,18000000.0
2026-02-27,OP,eth,mock_uniswap_v3,mock_op_pool,OP / USDC mock,72.42413774,74.61880858,71.69258079,73.15569469,612626.1153,18000000.0
2026-02-28,OP,eth,mock_uniswap_v3,mock_op_pool,OP / USDC mock,71.04950023,73.20251539,70.33182852,71.76717195,972268.2236,18000000.0
2026-03-01,OP,eth,mock_uniswap_v3,mock_op_pool,OP / USDC mock,69.73492091,71.84810033,69.03052777,70.43931405,1507499.5815,18000000.0
2026-03-02,OP,eth,mock_uniswap_v3,mock_op_pool,OP / USDC mock,70.34501539,72.47668252,69.63445968,71.0555711,571517.2498,18000000.0
2026-03-03,OP,eth,mock_uniswap_v3,mock_op_pool,OP / USDC mock,71.0801734,73.23411805,70.36219185,71.79815495,1192003.1642,18000000.0
2026-03-04,OP,eth,mock_uniswap_v3,mock_op_pool,OP / USDC mock,71.54579538,73.71384978,70.82311058,72.26848018,1043138.0514,18000000.0
2026-03-05,OP,eth,mock_uniswap_v3,mock_op_pool,OP / USDC mock,71.87537087,74.05341241,71.14935703,72.60138472,906835.4998,18000000.0
2026-03-06,OP,eth,mock_uniswap_v3,mock_op_pool,OP / USDC mock,72.79665893,75.0026183,72.06133915,73.53197872,1051193.0429,18000000.0
2026-03-07,OP,eth,mock_uniswap_v3,mock_op_pool,OP / USDC mock,73.87855332,76.11729736,73.13230531,74.62480133,890455.1103,18000000.0
2026-03-08,OP,eth,mock_uniswap_v3,mock_op_pool,OP / USDC mock,74.98529015,77.25757167,74.22786298,75.74271733,895695.44,18000000.0
2026-03-09,OP,eth,mock_uniswap_v3,mock_op_pool,OP / USDC mock,74.95000015,77.22121227,74.19292944,75.70707086,1584173.2099,18000000.0
2026-03-10,OP,eth,mock_uniswap_v3,mock_op_pool,OP / USDC mock,78.01094901,80.37491716,77.22295962,78.79893839,4941075.5005,18000000.0
2026-03-11,OP,eth,mock_uniswap_v3,mock_op_pool,OP / USDC mock,79.17039003,81.56949276,78.37068912,79.97009094,1190749.954,18000000.0
2026-03-12,OP,eth,mock_uniswap_v3,mock_op_pool,OP / USDC mock,77.50308204,79.85166028,76.72022262,78.28594145,950166.5569,18000000.0
2026-03-13,OP,eth,mock_uniswap_v3,mock_op_pool,OP / USDC mock,75.14217862,77.41921434,74.38316672,75.90119053,1066025.6038,18000000.0
2026-03-14,OP,eth,mock_uniswap_v3,mock_op_pool,OP / USDC mock,74.74997352,77.01512423,73.99492328,75.50502375,1664928.968,18000000.0
2026-03-15,OP,eth,mock_uniswap_v3,mock_op_pool,OP / USDC mock,75.39327359,77.67791825,74.63172538,76.15482181,1041439.8439,18000000.0
2026-03-16,OP,eth,mock_uniswap_v3,mock_op_pool,OP / USDC mock,74.55382966,76.81303662,73.80076067,75.30689865,1234268.5147,18000000.0
2026-03-17,OP,eth,mock_uniswap_v3,mock_op_pool,OP / USDC mock,77.15881856,79.49696458,76.37943655,77.93820056,1187395.426,18000000.0
2026-03-18,OP,eth,mock_uniswap_v3,mock_op_pool,OP / USDC mock,78.21783573,80.58807317,77.42775658,79.00791488,992051.6783,18000000.0
2026-03-19,OP,eth,mock_uniswap_v3,mock_op_pool,OP / USDC mock,75.29364967,77.57527541,74.53310775,76.05419158,1214842.9105,18000000.0
2026-03-20,OP,eth,mock_uniswap_v3,mock_op_pool,OP / USDC mock,74.65742137,76.91976748,73.90330601,75.41153674,1168726.2671,18000000.0
2026-03-21,OP,eth,mock_uniswap_v3,mock_op_pool,OP / USDC mock,72.53935169,74.73751386,71.80663096,73.27207241,1337113.1074,18000000.0
2026-03-22,OP,eth,mock_uniswap_v3,mock_op_pool,OP / USDC mock,70.92434408,73.07356662,70.20793656,71.64075159,1115093.3564,18000000.0
2026-03-23,OP,eth,mock_uniswap_v3,mock_op_pool,OP / USDC mock,69.24642891,71.34480554,68.54697003,69.94588779,1601392.9295,18000000.0
2026-03-24,OP,eth,mock_uniswap_v3,mock_op_pool,OP / USDC mock,70.06121451,72.18428162,69.35352548,70.76890355,1054013.1994,18000000.0
2026-03-25,OP,eth,mock_uniswap_v3,mock_op_pool,OP / USDC mock,69.20047765,71.29746183,68.50148293,69.89947238,1307355.0615,18000000.0
2026-03-26,OP,eth,mock_uniswap_v3,mock_op_pool,OP / USDC mock,68.95296955,71.04245347,68.25647491,69.64946419,1455771.5661,18000000.0
2026-03-27,OP,eth,mock_uniswap_v3,mock_op_pool,OP / USDC mock,67.54410085,69.59089178,66.8618372,68.22636449,921474.5319,18000000.0
2026-03-28,OP,eth,mock_uniswap_v3,mock_op_pool,OP / USDC mock,66.72306383,68.74497485,66.04909349,67.39703417,950419.8974,18000000.0
2026-03-29,OP,eth,mock_uniswap_v3,mock_op_pool,OP / USDC mock,65.75176767,67.74424548,65.0876084,66.41592694,1102275.7244,18000000.0
2026-03-30,OP,eth,mock_uniswap_v3,mock_op_pool,OP / USDC mock,64.78697811,66.75021987,64.13256419,65.44139203,1055166.0736,18000000.0
2026-03-31,OP,eth,mock_uniswap_v3,mock_op_pool,OP / USDC mock,63.76897904,65.70137235,63.12484794,64.41311014,809926.0888,18000000.0
2026-04-01,OP,eth,mock_uniswap_v3,mock_op_pool,OP / USDC mock,65.38074458,67.36197926,64.72033302,66.04115614,827324.3724,18000000.0
2026-04-02,OP,eth,mock_uniswap_v3,mock_op_pool,OP / USDC mock,63.9811603,65.91998334,63.33488595,64.62743465,678734.3049,18000000.0
2026-04-03,OP,eth,mock_uniswap_v3,mock_op_pool,OP / USDC mock,63.56335144,65.48951361,62.92129739,64.2054055,454696.205,18000000.0
2026-04-04,OP,eth,mock_uniswap_v3,mock_op_pool,OP / USDC mock,63.63570846,65.56406326,62.99292353,64.2784934,652394.4796,18000000.0
2026-04-05,OP,eth,mock_uniswap_v3,mock_op_pool,OP / USDC mock,60.96701603,62.81450137,60.35118759,61.58284448,680102.6582,18000000.0
2026-04-06,OP,eth,mock_uniswap_v3,mock_op_pool,OP / USDC mock,60.2476733,62.07336037,59.63911094,60.85623566,344479.2941,18000000.0
2026-04-07,OP,eth,mock_uniswap_v3,mock_op_pool,OP / USDC mock,60.17852404,62.00211568,59.57066016,60.78638792,824639.6524,18000000.0
2026-04-08,OP,eth,mock_uniswap_v3,mock_op_pool,OP / USDC mock,58.61888577,60.39521564,58.02677581,59.21099572,314148.2409,18000000.0
2026-04-09,OP,eth,mock_uniswap_v3,mock_op_pool,OP / USDC mock,56.19706309,57.9000044,55.62941599,56.76471019,452574.3454,18000000.0
2026-04-10,OP,eth,mock_uniswap_v3,mock_op_pool,OP / USDC mock,56.65840173,58.375323,56.08609465,57.23070882,274808.9326,18000000.0
2026-04-11,OP,eth,mock_uniswap_v3,mock_op_pool,OP / USDC mock,57.68367789,59.43166813,57.10101447,58.2663413,498987.7105,18000000.0
2026-04-12,OP,eth,mock_uniswap_v3,mock_op_pool,OP / USDC mock,58.87455016,60.65862744,58.27985774,59.46924259,411602.7852,18000000.0
2026-04-13,OP,eth,mock_uniswap_v3,mock_op_pool,OP / USDC mock,59.42881842,61.22969171,58.82852733,60.02910952,694410.2174,18000000.0
2026-04-14,OP,eth,mock_uniswap_v3,mock_op_pool,OP / USDC mock,58.87756076,60.66172927,58.28283793,59.4722836,461000.157,18000000.0
2026-04-15,OP,eth,mock_uniswap_v3,mock_op_pool,OP / USDC mock,57.47513522,59.21680598,56.8945783,58.05569214,555474.0433,18000000.0
2026-04-16,OP,eth,mock_uniswap_v3,mock_op_pool,OP / USDC mock,56.16095852,57.86280575,55.59367611,56.72824093,608213.1103,18000000.0
2026-04-17,OP,eth,mock_uniswap_v3,mock_op_pool,OP / USDC mock,55.80536817,57.49643993,55.24167758,56.36905876,381873.973,18000000.0
2026-04-18,OP,eth,mock_uniswap_v3,mock_op_pool,OP / USDC mock,53.55404835,55.1768983,53.01309836,54.09499833,504775.1777,18000000.0
2026-04-19,OP,eth,mock_uniswap_v3,mock_op_pool,OP / USDC mock,51.07761041,52.62541679,50.56167495,51.59354587,501502.9424,18000000.0
2026-04-20,OP,eth,mock_uniswap_v3,mock_op_pool,OP / USDC mock,50.159042,51.67901297,49.65238501,50.66569899,613153.8337,18000000.0
2026-04-21,OP,eth,mock_uniswap_v3,mock_op_pool,OP / USDC mock,49.47986794,50.97925788,48.98007129,49.97966458,917574.5389,18000000.0
2026-04-22,OP,eth,mock_uniswap_v3,mock_op_pool,OP / USDC mock,49.24452236,50.73678061,48.74710294,49.74194178,721333.9054,18000000.0
2026-04-23,OP,eth,mock_uniswap_v3,mock_op_pool,OP / USDC mock,50.80027622,52.33967853,50.28714212,51.31341032,583220.5323,18000000.0
2026-04-24,OP,eth,mock_uniswap_v3,mock_op_pool,OP / USDC mock,49.52750293,51.02833635,49.02722512,50.02778074,868020.334,18000000.0
2026-04-25,OP,eth,mock_uniswap_v3,mock_op_pool,OP / USDC mock,48.8447879,50.32493299,48.35140621,49.3381696,764797.6172,18000000.0
2026-04-26,OP,eth,mock_uniswap_v3,mock_op_pool,OP / USDC mock,47.62981669,49.07314447,47.14870743,48.11092595,1263936.6494,18000000.0
2026-04-27,OP,eth,mock_uniswap_v3,mock_op_pool,OP / USDC mock,47.6804519,49.12531408,47.19883117,48.16207262,1118646.2363,18000000.0
2026-04-28,OP,eth,mock_uniswap_v3,mock_op_pool,OP / USDC mock,48.46414586,49.93275634,47.97460903,48.95368268,1010914.2536,18000000.0
2026-04-29,OP,eth,mock_uniswap_v3,mock_op_pool,OP / USDC mock,47.83338036,49.28287674,47.35021491,48.31654582,1820773.8002,18000000.0
2026-04-30,OP,eth,mock_uniswap_v3,mock_op_pool,OP / USDC mock,46.51241961,47.92188687,46.04259719,46.98224203,992629.2837,18000000.0
